"cmplst_id","cmplst_act","cmplst_particular","cmplst_description","cmplst_long_description","cmplst_title","cmplst_start_date","cmplst_end_date","cmplst_action_date","cmplst_year","cmplst_compliance_key","cmplst_country","cmplst_type"
"250001","FACTORIES ACT","REFER TO STATE RULES - I","RETURN:ANNUAL RETURN",,,"01-04-2025","31-03-2026","31-01-2026","2025","2500001","India","regulatory"
"250002","FACTORIES ACT","REFER TO STATE RULES - II","RETURN:APPLICATION FOR RENEWAL OF LICENSE",,,"01-04-2025","31-03-2026","31-12-2025","2025","2500002","India","regulatory"
"250003","FACTORIES ACT","REFER TO STATE RULES - III","RETURN:HALF YEARLY RETURN",,,"01-04-2025","31-03-2026","31-07-2025","2025","2500003","India","regulatory"
"250004","EMPLOYEE PROVIDENT FUND ACT","THROUGH EPFO PORTAL","RETURN:DEPOSIT OF PROVIDENT FUND CONTRIBUTIONS; APPLICABLE TO: ENTITIES REGISTERED WITH PF AUTHORITIES",,,"01-04-2025","31-03-2026","15-04-2025","2025","2500004","India","regulatory"
"250005","EMPLOYEE PROVIDENT FUND ACT","THROUGH EPFO PORTAL","RETURN:DEPOSIT OF PROVIDENT FUND CONTRIBUTIONS; APPLICABLE TO: ENTITIES REGISTERED WITH PF AUTHORITIES",,,"01-04-2025","31-03-2026","15-05-2025","2025","2500004","India","regulatory"
"250006","EMPLOYEE PROVIDENT FUND ACT","THROUGH EPFO PORTAL","RETURN:DEPOSIT OF PROVIDENT FUND CONTRIBUTIONS; APPLICABLE TO: ENTITIES REGISTERED WITH PF AUTHORITIES",,,"01-04-2025","31-03-2026","15-06-2025","2025","2500004","India","regulatory"
"250007","EMPLOYEE PROVIDENT FUND ACT","THROUGH EPFO PORTAL","RETURN:DEPOSIT OF PROVIDENT FUND CONTRIBUTIONS; APPLICABLE TO: ENTITIES REGISTERED WITH PF AUTHORITIES",,,"01-04-2025","31-03-2026","15-07-2025","2025","2500004","India","regulatory"
"250008","EMPLOYEE PROVIDENT FUND ACT","THROUGH EPFO PORTAL","RETURN:DEPOSIT OF PROVIDENT FUND CONTRIBUTIONS; APPLICABLE TO: ENTITIES REGISTERED WITH PF AUTHORITIES",,,"01-04-2025","31-03-2026","15-08-2025","2025","2500004","India","regulatory"
"250009","EMPLOYEE PROVIDENT FUND ACT","THROUGH EPFO PORTAL","RETURN:DEPOSIT OF PROVIDENT FUND CONTRIBUTIONS; APPLICABLE TO: ENTITIES REGISTERED WITH PF AUTHORITIES",,,"01-04-2025","31-03-2026","15-09-2025","2025","2500004","India","regulatory"
"250010","EMPLOYEE PROVIDENT FUND ACT","THROUGH EPFO PORTAL","RETURN:DEPOSIT OF PROVIDENT FUND CONTRIBUTIONS; APPLICABLE TO: ENTITIES REGISTERED WITH PF AUTHORITIES",,,"01-04-2025","31-03-2026","15-10-2025","2025","2500004","India","regulatory"
"250011","EMPLOYEE PROVIDENT FUND ACT","THROUGH EPFO PORTAL","RETURN:DEPOSIT OF PROVIDENT FUND CONTRIBUTIONS; APPLICABLE TO: ENTITIES REGISTERED WITH PF AUTHORITIES",,,"01-04-2025","31-03-2026","15-11-2025","2025","2500004","India","regulatory"
"250012","EMPLOYEE PROVIDENT FUND ACT","THROUGH EPFO PORTAL","RETURN:DEPOSIT OF PROVIDENT FUND CONTRIBUTIONS; APPLICABLE TO: ENTITIES REGISTERED WITH PF AUTHORITIES",,,"01-04-2025","31-03-2026","15-12-2025","2025","2500004","India","regulatory"
"250013","EMPLOYEE PROVIDENT FUND ACT","THROUGH EPFO PORTAL","RETURN:DEPOSIT OF PROVIDENT FUND CONTRIBUTIONS; APPLICABLE TO: ENTITIES REGISTERED WITH PF AUTHORITIES",,,"01-04-2025","31-03-2026","15-01-2026","2025","2500004","India","regulatory"
"250014","EMPLOYEE PROVIDENT FUND ACT","THROUGH EPFO PORTAL","RETURN:DEPOSIT OF PROVIDENT FUND CONTRIBUTIONS; APPLICABLE TO: ENTITIES REGISTERED WITH PF AUTHORITIES",,,"01-04-2025","31-03-2026","15-02-2026","2025","2500004","India","regulatory"
"250015","EMPLOYEE PROVIDENT FUND ACT","THROUGH EPFO PORTAL","RETURN:DEPOSIT OF PROVIDENT FUND CONTRIBUTIONS; APPLICABLE TO: ENTITIES REGISTERED WITH PF AUTHORITIES",,,"01-04-2025","31-03-2026","15-03-2026","2025","2500005","India","regulatory"
"250016","EMPLOYEE PROVIDENT FUND ACT","REFER TO RULES","RETURN: PFRETURN",,,"01-04-2025","31-03-2026","25-04-2025","2025","2500005","India","regulatory"
"250017","EMPLOYEE PROVIDENT FUND ACT","REFER TO RULES","RETURN: PFRETURN",,,"01-04-2025","31-03-2026","25-05-2025","2025","2500005","India","regulatory"
"250018","EMPLOYEE PROVIDENT FUND ACT","REFER TO RULES","RETURN: PFRETURN",,,"01-04-2025","31-03-2026","25-06-2025","2025","2500005","India","regulatory"
"250019","EMPLOYEE PROVIDENT FUND ACT","REFER TO RULES","RETURN: PFRETURN",,,"01-04-2025","31-03-2026","25-07-2025","2025","2500005","India","regulatory"
"250020","EMPLOYEE PROVIDENT FUND ACT","REFER TO RULES","RETURN: PFRETURN",,,"01-04-2025","31-03-2026","25-08-2025","2025","2500005","India","regulatory"
"250021","EMPLOYEE PROVIDENT FUND ACT","REFER TO RULES","RETURN: PFRETURN",,,"01-04-2025","31-03-2026","25-09-2025","2025","2500005","India","regulatory"
"250022","EMPLOYEE PROVIDENT FUND ACT","REFER TO RULES","RETURN: PFRETURN",,,"01-04-2025","31-03-2026","25-10-2025","2025","2500005","India","regulatory"
"250023","EMPLOYEE PROVIDENT FUND ACT","REFER TO RULES","RETURN: PFRETURN",,,"01-04-2025","31-03-2026","25-11-2025","2025","2500005","India","regulatory"
"250024","EMPLOYEE PROVIDENT FUND ACT","REFER TO RULES","RETURN: PFRETURN",,,"01-04-2025","31-03-2026","25-12-2025","2025","2500005","India","regulatory"
"250025","EMPLOYEE PROVIDENT FUND ACT","REFER TO RULES","RETURN: PFRETURN",,,"01-04-2025","31-03-2026","25-01-2026","2025","2500005","India","regulatory"
"250026","EMPLOYEE PROVIDENT FUND ACT","REFER TO RULES","RETURN: PFRETURN",,,"01-04-2025","31-03-2026","25-02-2026","2025","2500005","India","regulatory"
"250027","EMPLOYEE PROVIDENT FUND ACT","REFER TO RULES","RETURN: PFRETURN",,,"01-04-2025","31-03-2026","25-03-2026","2025","2500005","India","regulatory"
"250028","ESI ACT","THROUGH ESIC PORTAL","RETURN: DEPOSIT OF E.S.I.C. CONTRIBUTIONS; APPLICABLE TO: ENTITIES REGISTERED WITH ESIC AUTHORITIES",,,"01-04-2025","31-03-2026","15-04-2025","2025","2500006","India","regulatory"
"250029","ESI ACT","THROUGH ESIC PORTAL","RETURN: DEPOSIT OF E.S.I.C. CONTRIBUTIONS; APPLICABLE TO: ENTITIES REGISTERED WITH ESIC AUTHORITIES",,,"01-04-2025","31-03-2026","15-05-2025","2025","2500006","India","regulatory"
"250030","ESI ACT","THROUGH ESIC PORTAL","RETURN: DEPOSIT OF E.S.I.C. CONTRIBUTIONS; APPLICABLE TO: ENTITIES REGISTERED WITH ESIC AUTHORITIES",,,"01-04-2025","31-03-2026","15-06-2025","2025","2500006","India","regulatory"
"250031","ESI ACT","THROUGH ESIC PORTAL","RETURN: DEPOSIT OF E.S.I.C. CONTRIBUTIONS; APPLICABLE TO: ENTITIES REGISTERED WITH ESIC AUTHORITIES",,,"01-04-2025","31-03-2026","15-07-2025","2025","2500006","India","regulatory"
"250032","ESI ACT","THROUGH ESIC PORTAL","RETURN: DEPOSIT OF E.S.I.C. CONTRIBUTIONS; APPLICABLE TO: ENTITIES REGISTERED WITH ESIC AUTHORITIES",,,"01-04-2025","31-03-2026","15-08-2025","2025","2500006","India","regulatory"
"250033","ESI ACT","THROUGH ESIC PORTAL","RETURN: DEPOSIT OF E.S.I.C. CONTRIBUTIONS; APPLICABLE TO: ENTITIES REGISTERED WITH ESIC AUTHORITIES",,,"01-04-2025","31-03-2026","15-09-2025","2025","2500006","India","regulatory"
"250034","ESI ACT","THROUGH ESIC PORTAL","RETURN: DEPOSIT OF E.S.I.C. CONTRIBUTIONS; APPLICABLE TO: ENTITIES REGISTERED WITH ESIC AUTHORITIES",,,"01-04-2025","31-03-2026","15-10-2025","2025","2500006","India","regulatory"
"250035","ESI ACT","THROUGH ESIC PORTAL","RETURN: DEPOSIT OF E.S.I.C. CONTRIBUTIONS; APPLICABLE TO: ENTITIES REGISTERED WITH ESIC AUTHORITIES",,,"01-04-2025","31-03-2026","15-11-2025","2025","2500006","India","regulatory"
"250036","ESI ACT","THROUGH ESIC PORTAL","RETURN: DEPOSIT OF E.S.I.C. CONTRIBUTIONS; APPLICABLE TO: ENTITIES REGISTERED WITH ESIC AUTHORITIES",,,"01-04-2025","31-03-2026","15-12-2025","2025","2500006","India","regulatory"
"250037","ESI ACT","THROUGH ESIC PORTAL","RETURN: DEPOSIT OF E.S.I.C. CONTRIBUTIONS; APPLICABLE TO: ENTITIES REGISTERED WITH ESIC AUTHORITIES",,,"01-04-2025","31-03-2026","15-01-2026","2025","2500006","India","regulatory"
"250038","ESI ACT","THROUGH ESIC PORTAL","RETURN: DEPOSIT OF E.S.I.C. CONTRIBUTIONS; APPLICABLE TO: ENTITIES REGISTERED WITH ESIC AUTHORITIES",,,"01-04-2025","31-03-2026","15-02-2026","2025","2500006","India","regulatory"
"250039","ESI ACT","THROUGH ESIC PORTAL","RETURN: DEPOSIT OF E.S.I.C. CONTRIBUTIONS; APPLICABLE TO: ENTITIES REGISTERED WITH ESIC AUTHORITIES",,,"01-04-2025","31-03-2026","15-03-2026","2025","2500006","India","regulatory"
"250040","CONTRACT LABOUR ACT","XXIV","RETURN:ANNUAL RETURN",,,"01-04-2025","31-03-2026","15-02-2026","2025","2500007","India","regulatory"
"250041","PAYMENT OF WAGES ACT","IV","RETURN:ANNUAL RETURN",,,"01-04-2025","31-03-2026","15-02-2026","2025","2500008","India","regulatory"
"250042","MINIMUM WAGES ACT","III RULE 21 (4A)","RETURN:ANNUAL RETURN",,,"01-04-2025","31-03-2026","01-02-2026","2025","2500009","India","regulatory"
"250043","PAYMENT OF BONUS ACT","D RULE 5","RETURN: ANNUAL RETURN-BONUS PAID TO THE EMPLOYEES FOR THE ACCOUNTING YEAR ENDING",,,"01-04-2025","31-03-2026","30-12-2025","2025","2500010","India","regulatory"
"250044","GST ACT","GSTR-1","RETURN: RETURN FOR OUTWARD SUPPLIES OF TAXABLE GOODS AND/OR SERVICES; APPLICABLE TO: TAXPAYERS WITH ANNUAL TURNOVER MORE THAN 1.5 CRORES",,,"01-04-2025","31-03-2026","10-04-2025","2025","2500011","India","regulatory"
"250045","GST ACT","GSTR-1","RETURN: RETURN FOR OUTWARD SUPPLIES OF TAXABLE GOODS AND/OR SERVICES; APPLICABLE TO: TAXPAYERS WITH ANNUAL TURNOVER MORE THAN 1.5 CRORES",,,"01-04-2025","31-03-2026","10-05-2025","2025","2500011","India","regulatory"
"250046","GST ACT","GSTR-1","RETURN: RETURN FOR OUTWARD SUPPLIES OF TAXABLE GOODS AND/OR SERVICES; APPLICABLE TO: TAXPAYERS WITH ANNUAL TURNOVER MORE THAN 1.5 CRORES",,,"01-04-2025","31-03-2026","10-06-2025","2025","2500011","India","regulatory"
"250047","GST ACT","GSTR-1","RETURN: RETURN FOR OUTWARD SUPPLIES OF TAXABLE GOODS AND/OR SERVICES; APPLICABLE TO: TAXPAYERS WITH ANNUAL TURNOVER MORE THAN 1.5 CRORES",,,"01-04-2025","31-03-2026","10-07-2025","2025","2500011","India","regulatory"
"250048","GST ACT","GSTR-1","RETURN: RETURN FOR OUTWARD SUPPLIES OF TAXABLE GOODS AND/OR SERVICES; APPLICABLE TO: TAXPAYERS WITH ANNUAL TURNOVER MORE THAN 1.5 CRORES",,,"01-04-2025","31-03-2026","10-08-2025","2025","2500011","India","regulatory"
"250049","GST ACT","GSTR-1","RETURN: RETURN FOR OUTWARD SUPPLIES OF TAXABLE GOODS AND/OR SERVICES; APPLICABLE TO: TAXPAYERS WITH ANNUAL TURNOVER MORE THAN 1.5 CRORES",,,"01-04-2025","31-03-2026","10-09-2025","2025","2500011","India","regulatory"
"250050","GST ACT","GSTR-1","RETURN: RETURN FOR OUTWARD SUPPLIES OF TAXABLE GOODS AND/OR SERVICES; APPLICABLE TO: TAXPAYERS WITH ANNUAL TURNOVER MORE THAN 1.5 CRORES",,,"01-04-2025","31-03-2026","10-10-2025","2025","2500011","India","regulatory"
"250051","GST ACT","GSTR-1","RETURN: RETURN FOR OUTWARD SUPPLIES OF TAXABLE GOODS AND/OR SERVICES; APPLICABLE TO: TAXPAYERS WITH ANNUAL TURNOVER MORE THAN 1.5 CRORES",,,"01-04-2025","31-03-2026","10-11-2025","2025","2500011","India","regulatory"
"250052","GST ACT","GSTR-1","RETURN: RETURN FOR OUTWARD SUPPLIES OF TAXABLE GOODS AND/OR SERVICES; APPLICABLE TO: TAXPAYERS WITH ANNUAL TURNOVER MORE THAN 1.5 CRORES",,,"01-04-2025","31-03-2026","10-12-2025","2025","2500011","India","regulatory"
"250053","GST ACT","GSTR-1","RETURN: RETURN FOR OUTWARD SUPPLIES OF TAXABLE GOODS AND/OR SERVICES; APPLICABLE TO: TAXPAYERS WITH ANNUAL TURNOVER MORE THAN 1.5 CRORES",,,"01-04-2025","31-03-2026","10-01-2026","2025","2500011","India","regulatory"
"250054","GST ACT","GSTR-1","RETURN: RETURN FOR OUTWARD SUPPLIES OF TAXABLE GOODS AND/OR SERVICES; APPLICABLE TO: TAXPAYERS WITH ANNUAL TURNOVER MORE THAN 1.5 CRORES",,,"01-04-2025","31-03-2026","10-02-2026","2025","2500011","India","regulatory"
"250055","GST ACT","GSTR-1","RETURN: RETURN FOR OUTWARD SUPPLIES OF TAXABLE GOODS AND/OR SERVICES; APPLICABLE TO: TAXPAYERS WITH ANNUAL TURNOVER MORE THAN 1.5 CRORES",,,"01-04-2025","31-03-2026","10-03-2026","2025","2500011","India","regulatory"
"250056","GST ACT","GSTR-4","RETURN: RETURN FOR DETAILS OF INWARD AND OUTWARD SUPPLIES; APPLICABLE TO: DEALER OPTED FOR COMPOSITION SCHEME",,,"01-04-2025","31-03-2026","18-04-2025","2025","2500012","India","regulatory"
"250057","GST ACT","GSTR-4","RETURN: RETURN FOR DETAILS OF INWARD AND OUTWARD SUPPLIES; APPLICABLE TO: DEALER OPTED FOR COMPOSITION SCHEME",,,"01-04-2025","31-03-2026","18-07-2025","2025","2500012","India","regulatory"
"250058","GST ACT","GSTR-4","RETURN: RETURN FOR DETAILS OF INWARD AND OUTWARD SUPPLIES; APPLICABLE TO: DEALER OPTED FOR COMPOSITION SCHEME",,,"01-04-2025","31-03-2026","18-10-2025","2025","2500012","India","regulatory"
"250059","GST ACT","GSTR-4","RETURN: RETURN FOR DETAILS OF INWARD AND OUTWARD SUPPLIES; APPLICABLE TO: DEALER OPTED FOR COMPOSITION SCHEME",,,"01-04-2025","31-03-2026","18-01-2026","2025","2500012","India","regulatory"
"250060","GST ACT","GSTR-3B","RETURN: SUMMARY RETURN OF OUTWARD AND INWARD SUPPLIES ALONG WITH PAYMENT OF TAX; APPLICABLE TO: GST TAXPAYERS",,,"01-04-2025","31-03-2026","20-04-2025","2025","2500013","India","regulatory"
"250061","GST ACT","GSTR-3B","RETURN: SUMMARY RETURN OF OUTWARD AND INWARD SUPPLIES ALONG WITH PAYMENT OF TAX; APPLICABLE TO: GST TAXPAYERS",,,"01-04-2025","31-03-2026","20-05-2025","2025","2500013","India","regulatory"
"250062","GST ACT","GSTR-3B","RETURN: SUMMARY RETURN OF OUTWARD AND INWARD SUPPLIES ALONG WITH PAYMENT OF TAX; APPLICABLE TO: GST TAXPAYERS",,,"01-04-2025","31-03-2026","20-06-2025","2025","2500013","India","regulatory"
"250063","GST ACT","GSTR-3B","RETURN: SUMMARY RETURN OF OUTWARD AND INWARD SUPPLIES ALONG WITH PAYMENT OF TAX; APPLICABLE TO: GST TAXPAYERS",,,"01-04-2025","31-03-2026","20-07-2025","2025","2500013","India","regulatory"
"250064","GST ACT","GSTR-3B","RETURN: SUMMARY RETURN OF OUTWARD AND INWARD SUPPLIES ALONG WITH PAYMENT OF TAX; APPLICABLE TO: GST TAXPAYERS",,,"01-04-2025","31-03-2026","20-08-2025","2025","2500013","India","regulatory"
"250065","GST ACT","GSTR-3B","RETURN: SUMMARY RETURN OF OUTWARD AND INWARD SUPPLIES ALONG WITH PAYMENT OF TAX; APPLICABLE TO: GST TAXPAYERS",,,"01-04-2025","31-03-2026","20-09-2025","2025","2500013","India","regulatory"
"250066","GST ACT","GSTR-3B","RETURN: SUMMARY RETURN OF OUTWARD AND INWARD SUPPLIES ALONG WITH PAYMENT OF TAX; APPLICABLE TO: GST TAXPAYERS",,,"01-04-2025","31-03-2026","20-10-2025","2025","2500013","India","regulatory"
"250067","GST ACT","GSTR-3B","RETURN: SUMMARY RETURN OF OUTWARD AND INWARD SUPPLIES ALONG WITH PAYMENT OF TAX; APPLICABLE TO: GST TAXPAYERS",,,"01-04-2025","31-03-2026","20-11-2025","2025","2500013","India","regulatory"
"250068","GST ACT","GSTR-3B","RETURN: SUMMARY RETURN OF OUTWARD AND INWARD SUPPLIES ALONG WITH PAYMENT OF TAX; APPLICABLE TO: GST TAXPAYERS",,,"01-04-2025","31-03-2026","20-12-2025","2025","2500013","India","regulatory"
"250069","GST ACT","GSTR-3B","RETURN: SUMMARY RETURN OF OUTWARD AND INWARD SUPPLIES ALONG WITH PAYMENT OF TAX; APPLICABLE TO: GST TAXPAYERS",,,"01-04-2025","31-03-2026","20-01-2026","2025","2500013","India","regulatory"
"250070","GST ACT","GSTR-3B","RETURN: SUMMARY RETURN OF OUTWARD AND INWARD SUPPLIES ALONG WITH PAYMENT OF TAX; APPLICABLE TO: GST TAXPAYERS",,,"01-04-2025","31-03-2026","20-02-2026","2025","2500013","India","regulatory"
"250071","GST ACT","GSTR-3B","RETURN: SUMMARY RETURN OF OUTWARD AND INWARD SUPPLIES ALONG WITH PAYMENT OF TAX; APPLICABLE TO: GST TAXPAYERS",,,"01-04-2025","31-03-2026","20-03-2026","2025","2500013","India","regulatory"
"250072","GST ACT","GSTR - 5 & 5A","RETURN: SUMMARY RETURN OF OUTWARD TAXABLE SUPPLIES AND TAX PAYABLE; APPLICABLE TO: NON-RESIDENT FOREIGN TAXABLE PERSON & OIDAR",,,"01-04-2025","31-03-2026","20-04-2025","2025","2500014","India","regulatory"
"250073","GST ACT","GSTR - 5 & 5A","RETURN: SUMMARY RETURN OF OUTWARD TAXABLE SUPPLIES AND TAX PAYABLE; APPLICABLE TO: NON-RESIDENT FOREIGN TAXABLE PERSON & OIDAR",,,"01-04-2025","31-03-2026","20-05-2025","2025","2500014","India","regulatory"
"250074","GST ACT","GSTR - 5 & 5A","RETURN: SUMMARY RETURN OF OUTWARD TAXABLE SUPPLIES AND TAX PAYABLE; APPLICABLE TO: NON-RESIDENT FOREIGN TAXABLE PERSON & OIDAR",,,"01-04-2025","31-03-2026","20-06-2025","2025","2500014","India","regulatory"
"250075","GST ACT","GSTR - 5 & 5A","RETURN: SUMMARY RETURN OF OUTWARD TAXABLE SUPPLIES AND TAX PAYABLE; APPLICABLE TO: NON-RESIDENT FOREIGN TAXABLE PERSON & OIDAR",,,"01-04-2025","31-03-2026","20-07-2025","2025","2500014","India","regulatory"
"250076","GST ACT","GSTR - 5 & 5A","RETURN: SUMMARY RETURN OF OUTWARD TAXABLE SUPPLIES AND TAX PAYABLE; APPLICABLE TO: NON-RESIDENT FOREIGN TAXABLE PERSON & OIDAR",,,"01-04-2025","31-03-2026","20-08-2025","2025","2500014","India","regulatory"
"250077","GST ACT","GSTR - 5 & 5A","RETURN: SUMMARY RETURN OF OUTWARD TAXABLE SUPPLIES AND TAX PAYABLE; APPLICABLE TO: NON-RESIDENT FOREIGN TAXABLE PERSON & OIDAR",,,"01-04-2025","31-03-2026","20-09-2025","2025","2500014","India","regulatory"
"250078","GST ACT","GSTR - 5 & 5A","RETURN: SUMMARY RETURN OF OUTWARD TAXABLE SUPPLIES AND TAX PAYABLE; APPLICABLE TO: NON-RESIDENT FOREIGN TAXABLE PERSON & OIDAR",,,"01-04-2025","31-03-2026","20-10-2025","2025","2500014","India","regulatory"
"250079","GST ACT","GSTR - 5 & 5A","RETURN: SUMMARY RETURN OF OUTWARD TAXABLE SUPPLIES AND TAX PAYABLE; APPLICABLE TO: NON-RESIDENT FOREIGN TAXABLE PERSON & OIDAR",,,"01-04-2025","31-03-2026","20-11-2025","2025","2500014","India","regulatory"
"250080","GST ACT","GSTR - 5 & 5A","RETURN: SUMMARY RETURN OF OUTWARD TAXABLE SUPPLIES AND TAX PAYABLE; APPLICABLE TO: NON-RESIDENT FOREIGN TAXABLE PERSON & OIDAR",,,"01-04-2025","31-03-2026","20-12-2025","2025","2500014","India","regulatory"
"250081","GST ACT","GSTR - 5 & 5A","RETURN: SUMMARY RETURN OF OUTWARD TAXABLE SUPPLIES AND TAX PAYABLE; APPLICABLE TO: NON-RESIDENT FOREIGN TAXABLE PERSON & OIDAR",,,"01-04-2025","31-03-2026","20-01-2026","2025","2500014","India","regulatory"
"250082","GST ACT","GSTR - 5 & 5A","RETURN: SUMMARY RETURN OF OUTWARD TAXABLE SUPPLIES AND TAX PAYABLE; APPLICABLE TO: NON-RESIDENT FOREIGN TAXABLE PERSON & OIDAR",,,"01-04-2025","31-03-2026","20-02-2026","2025","2500014","India","regulatory"
"250083","GST ACT","GSTR - 5 & 5A","RETURN: SUMMARY RETURN OF OUTWARD TAXABLE SUPPLIES AND TAX PAYABLE; APPLICABLE TO: NON-RESIDENT FOREIGN TAXABLE PERSON & OIDAR",,,"01-04-2025","31-03-2026","20-03-2026","2025","2500014","India","regulatory"
"250084","GST ACT","GSTR-6","RETURN: RETURN FOR DETAILS OF ITC RECEIVED AND DISTRIBUTION; APPLICABLE TO: INPUT SERVICE DISTRIBUTORS",,,"01-04-2025","31-03-2026","13-04-2025","2025","2500015","India","regulatory"
"250085","GST ACT","GSTR-6","RETURN: RETURN FOR DETAILS OF ITC RECEIVED AND DISTRIBUTION; APPLICABLE TO: INPUT SERVICE DISTRIBUTORS",,,"01-04-2025","31-03-2026","13-05-2025","2025","2500015","India","regulatory"
"250086","GST ACT","GSTR-6","RETURN: RETURN FOR DETAILS OF ITC RECEIVED AND DISTRIBUTION; APPLICABLE TO: INPUT SERVICE DISTRIBUTORS",,,"01-04-2025","31-03-2026","13-06-2025","2025","2500015","India","regulatory"
"250087","GST ACT","GSTR-6","RETURN: RETURN FOR DETAILS OF ITC RECEIVED AND DISTRIBUTION; APPLICABLE TO: INPUT SERVICE DISTRIBUTORS",,,"01-04-2025","31-03-2026","13-07-2025","2025","2500015","India","regulatory"
"250088","GST ACT","GSTR-6","RETURN: RETURN FOR DETAILS OF ITC RECEIVED AND DISTRIBUTION; APPLICABLE TO: INPUT SERVICE DISTRIBUTORS",,,"01-04-2025","31-03-2026","13-08-2025","2025","2500015","India","regulatory"
"250089","GST ACT","GSTR-6","RETURN: RETURN FOR DETAILS OF ITC RECEIVED AND DISTRIBUTION; APPLICABLE TO: INPUT SERVICE DISTRIBUTORS",,,"01-04-2025","31-03-2026","13-09-2025","2025","2500015","India","regulatory"
"250090","GST ACT","GSTR-6","RETURN: RETURN FOR DETAILS OF ITC RECEIVED AND DISTRIBUTION; APPLICABLE TO: INPUT SERVICE DISTRIBUTORS",,,"01-04-2025","31-03-2026","13-10-2025","2025","2500015","India","regulatory"
"250091","GST ACT","GSTR-6","RETURN: RETURN FOR DETAILS OF ITC RECEIVED AND DISTRIBUTION; APPLICABLE TO: INPUT SERVICE DISTRIBUTORS",,,"01-04-2025","31-03-2026","13-11-2025","2025","2500015","India","regulatory"
"250092","GST ACT","GSTR-6","RETURN: RETURN FOR DETAILS OF ITC RECEIVED AND DISTRIBUTION; APPLICABLE TO: INPUT SERVICE DISTRIBUTORS",,,"01-04-2025","31-03-2026","13-12-2025","2025","2500015","India","regulatory"
"250093","GST ACT","GSTR-6","RETURN: RETURN FOR DETAILS OF ITC RECEIVED AND DISTRIBUTION; APPLICABLE TO: INPUT SERVICE DISTRIBUTORS",,,"01-04-2025","31-03-2026","13-01-2026","2025","2500015","India","regulatory"
"250094","GST ACT","GSTR-6","RETURN: RETURN FOR DETAILS OF ITC RECEIVED AND DISTRIBUTION; APPLICABLE TO: INPUT SERVICE DISTRIBUTORS",,,"01-04-2025","31-03-2026","13-02-2026","2025","2500015","India","regulatory"
"250095","GST ACT","GSTR-6","RETURN: RETURN FOR DETAILS OF ITC RECEIVED AND DISTRIBUTION; APPLICABLE TO: INPUT SERVICE DISTRIBUTORS",,,"01-04-2025","31-03-2026","13-03-2026","2025","2500015","India","regulatory"
"250096","GST ACT","GSTR-7","RETURN: RETURN FOR TDS UNDER GST; APPLICABLE TO: GOVERNMENT AUTHORITIES",,,"01-04-2025","31-03-2026","10-04-2025","2025","2500016","India","regulatory"
"250097","GST ACT","GSTR-7","RETURN: RETURN FOR TDS UNDER GST; APPLICABLE TO: GOVERNMENT AUTHORITIES",,,"01-04-2025","31-03-2026","10-05-2025","2025","2500016","India","regulatory"
"250098","GST ACT","GSTR-7","RETURN: RETURN FOR TDS UNDER GST; APPLICABLE TO: GOVERNMENT AUTHORITIES",,,"01-04-2025","31-03-2026","10-06-2025","2025","2500016","India","regulatory"
"250099","GST ACT","GSTR-7","RETURN: RETURN FOR TDS UNDER GST; APPLICABLE TO: GOVERNMENT AUTHORITIES",,,"01-04-2025","31-03-2026","10-07-2025","2025","2500016","India","regulatory"
"250100","GST ACT","GSTR-7","RETURN: RETURN FOR TDS UNDER GST; APPLICABLE TO: GOVERNMENT AUTHORITIES",,,"01-04-2025","31-03-2026","10-08-2025","2025","2500016","India","regulatory"
"250101","GST ACT","GSTR-7","RETURN: RETURN FOR TDS UNDER GST; APPLICABLE TO: GOVERNMENT AUTHORITIES",,,"01-04-2025","31-03-2026","10-09-2025","2025","2500016","India","regulatory"
"250102","GST ACT","GSTR-7","RETURN: RETURN FOR TDS UNDER GST; APPLICABLE TO: GOVERNMENT AUTHORITIES",,,"01-04-2025","31-03-2026","10-10-2025","2025","2500016","India","regulatory"
"250103","GST ACT","GSTR-7","RETURN: RETURN FOR TDS UNDER GST; APPLICABLE TO: GOVERNMENT AUTHORITIES",,,"01-04-2025","31-03-2026","10-11-2025","2025","2500016","India","regulatory"
"250104","GST ACT","GSTR-7","RETURN: RETURN FOR TDS UNDER GST; APPLICABLE TO: GOVERNMENT AUTHORITIES",,,"01-04-2025","31-03-2026","10-12-2025","2025","2500016","India","regulatory"
"250105","GST ACT","GSTR-7","RETURN: RETURN FOR TDS UNDER GST; APPLICABLE TO: GOVERNMENT AUTHORITIES",,,"01-04-2025","31-03-2026","10-01-2026","2025","2500016","India","regulatory"
"250106","GST ACT","GSTR-7","RETURN: RETURN FOR TDS UNDER GST; APPLICABLE TO: GOVERNMENT AUTHORITIES",,,"01-04-2025","31-03-2026","10-02-2026","2025","2500016","India","regulatory"
"250107","GST ACT","GSTR-7","RETURN: RETURN FOR TDS UNDER GST; APPLICABLE TO: GOVERNMENT AUTHORITIES",,,"01-04-2025","31-03-2026","10-03-2026","2025","2500016","India","regulatory"
"250108","GST ACT","GSTR-8","RETURN: RETURN FOR DETAILS OF SUPPLIES AND THE AMOUNT OF TAX COLLECTOR; APPLICABLE TO: E-COMMERCE OPERATOR",,,"01-04-2025","31-03-2026","10-04-2025","2025","2500017","India","regulatory"
"250109","GST ACT","GSTR-8","RETURN: RETURN FOR DETAILS OF SUPPLIES AND THE AMOUNT OF TAX COLLECTOR; APPLICABLE TO: E-COMMERCE OPERATOR",,,"01-04-2025","31-03-2026","10-05-2025","2025","2500017","India","regulatory"
"250110","GST ACT","GSTR-8","RETURN: RETURN FOR DETAILS OF SUPPLIES AND THE AMOUNT OF TAX COLLECTOR; APPLICABLE TO: E-COMMERCE OPERATOR",,,"01-04-2025","31-03-2026","10-06-2025","2025","2500017","India","regulatory"
"250111","GST ACT","GSTR-8","RETURN: RETURN FOR DETAILS OF SUPPLIES AND THE AMOUNT OF TAX COLLECTOR; APPLICABLE TO: E-COMMERCE OPERATOR",,,"01-04-2025","31-03-2026","10-07-2025","2025","2500017","India","regulatory"
"250112","GST ACT","GSTR-8","RETURN: RETURN FOR DETAILS OF SUPPLIES AND THE AMOUNT OF TAX COLLECTOR; APPLICABLE TO: E-COMMERCE OPERATOR",,,"01-04-2025","31-03-2026","10-08-2025","2025","2500017","India","regulatory"
"250113","GST ACT","GSTR-8","RETURN: RETURN FOR DETAILS OF SUPPLIES AND THE AMOUNT OF TAX COLLECTOR; APPLICABLE TO: E-COMMERCE OPERATOR",,,"01-04-2025","31-03-2026","10-09-2025","2025","2500017","India","regulatory"
"250114","GST ACT","GSTR-8","RETURN: RETURN FOR DETAILS OF SUPPLIES AND THE AMOUNT OF TAX COLLECTOR; APPLICABLE TO: E-COMMERCE OPERATOR",,,"01-04-2025","31-03-2026","10-10-2025","2025","2500017","India","regulatory"
"250115","GST ACT","GSTR-8","RETURN: RETURN FOR DETAILS OF SUPPLIES AND THE AMOUNT OF TAX COLLECTOR; APPLICABLE TO: E-COMMERCE OPERATOR",,,"01-04-2025","31-03-2026","10-11-2025","2025","2500017","India","regulatory"
"250116","GST ACT","GSTR-8","RETURN: RETURN FOR DETAILS OF SUPPLIES AND THE AMOUNT OF TAX COLLECTOR; APPLICABLE TO: E-COMMERCE OPERATOR",,,"01-04-2025","31-03-2026","10-12-2025","2025","2500017","India","regulatory"
"250117","GST ACT","GSTR-8","RETURN: RETURN FOR DETAILS OF SUPPLIES AND THE AMOUNT OF TAX COLLECTOR; APPLICABLE TO: E-COMMERCE OPERATOR",,,"01-04-2025","31-03-2026","10-01-2026","2025","2500017","India","regulatory"
"250118","GST ACT","GSTR-8","RETURN: RETURN FOR DETAILS OF SUPPLIES AND THE AMOUNT OF TAX COLLECTOR; APPLICABLE TO: E-COMMERCE OPERATOR",,,"01-04-2025","31-03-2026","10-02-2026","2025","2500017","India","regulatory"
"250119","GST ACT","GSTR-8","RETURN: RETURN FOR DETAILS OF SUPPLIES AND THE AMOUNT OF TAX COLLECTOR; APPLICABLE TO: E-COMMERCE OPERATOR",,,"01-04-2025","31-03-2026","10-03-2026","2025","2500017","India","regulatory"
"250120","GST ACT","GSTR-11","RETURN: RETURN FOR DETAILS OF GOODS AND SERVICES PURCHASED IN INDIA; APPLICABLE TO: TAXPAYER CLAIMING REFUND & HAVING UIN",,,"01-04-2025","31-03-2026","28-04-2025","2025","2500018","India","regulatory"
"250121","GST ACT","GSTR-11","RETURN: RETURN FOR DETAILS OF GOODS AND SERVICES PURCHASED IN INDIA; APPLICABLE TO: TAXPAYER CLAIMING REFUND & HAVING UIN",,,"01-04-2025","31-03-2026","28-05-2025","2025","2500018","India","regulatory"
"250122","GST ACT","GSTR-11","RETURN: RETURN FOR DETAILS OF GOODS AND SERVICES PURCHASED IN INDIA; APPLICABLE TO: TAXPAYER CLAIMING REFUND & HAVING UIN",,,"01-04-2025","31-03-2026","28-06-2025","2025","2500018","India","regulatory"
"250123","GST ACT","GSTR-11","RETURN: RETURN FOR DETAILS OF GOODS AND SERVICES PURCHASED IN INDIA; APPLICABLE TO: TAXPAYER CLAIMING REFUND & HAVING UIN",,,"01-04-2025","31-03-2026","28-07-2025","2025","2500018","India","regulatory"
"250124","GST ACT","GSTR-11","RETURN: RETURN FOR DETAILS OF GOODS AND SERVICES PURCHASED IN INDIA; APPLICABLE TO: TAXPAYER CLAIMING REFUND & HAVING UIN",,,"01-04-2025","31-03-2026","28-08-2025","2025","2500018","India","regulatory"
"250125","GST ACT","GSTR-11","RETURN: RETURN FOR DETAILS OF GOODS AND SERVICES PURCHASED IN INDIA; APPLICABLE TO: TAXPAYER CLAIMING REFUND & HAVING UIN",,,"01-04-2025","31-03-2026","28-09-2025","2025","2500018","India","regulatory"
"250126","GST ACT","GSTR-11","RETURN: RETURN FOR DETAILS OF GOODS AND SERVICES PURCHASED IN INDIA; APPLICABLE TO: TAXPAYER CLAIMING REFUND & HAVING UIN",,,"01-04-2025","31-03-2026","28-10-2025","2025","2500018","India","regulatory"
"250127","GST ACT","GSTR-11","RETURN: RETURN FOR DETAILS OF GOODS AND SERVICES PURCHASED IN INDIA; APPLICABLE TO: TAXPAYER CLAIMING REFUND & HAVING UIN",,,"01-04-2025","31-03-2026","28-11-2025","2025","2500018","India","regulatory"
"250128","GST ACT","GSTR-11","RETURN: RETURN FOR DETAILS OF GOODS AND SERVICES PURCHASED IN INDIA; APPLICABLE TO: TAXPAYER CLAIMING REFUND & HAVING UIN",,,"01-04-2025","31-03-2026","28-12-2025","2025","2500018","India","regulatory"
"250129","GST ACT","GSTR-11","RETURN: RETURN FOR DETAILS OF GOODS AND SERVICES PURCHASED IN INDIA; APPLICABLE TO: TAXPAYER CLAIMING REFUND & HAVING UIN",,,"01-04-2025","31-03-2026","28-01-2026","2025","2500018","India","regulatory"
"250130","GST ACT","GSTR-11","RETURN: RETURN FOR DETAILS OF GOODS AND SERVICES PURCHASED IN INDIA; APPLICABLE TO: TAXPAYER CLAIMING REFUND & HAVING UIN",,,"01-04-2025","31-03-2026","28-02-2026","2025","2500018","India","regulatory"
"250131","GST ACT","GSTR-11","RETURN: RETURN FOR DETAILS OF GOODS AND SERVICES PURCHASED IN INDIA; APPLICABLE TO: TAXPAYER CLAIMING REFUND & HAVING UIN",,,"01-04-2025","31-03-2026","28-03-2026","2025","2500018","India","regulatory"
"250132","GST ACT","GSTR1","RETURN: QUARTERLY RETURN FOR OUTWARD SUPPLIES OF TAXABLE GOODS AND/OR SERVICES; APPLICABLE TO: TAXPAYERS WITH ANNUAL TURNOVER UP-TO 1.5 CRORES",,,"01-04-2025","31-03-2026","30-04-2025","2025","2500019","India","regulatory"
"250133","GST ACT","GSTR1","RETURN: QUARTERLY RETURN FOR OUTWARD SUPPLIES OF TAXABLE GOODS AND/OR SERVICES; APPLICABLE TO: TAXPAYERS WITH ANNUAL TURNOVER UP-TO 1.5 CRORES",,,"01-04-2025","31-03-2026","31-07-2025","2025","2500019","India","regulatory"
"250134","GST ACT","GSTR1","RETURN: QUARTERLY RETURN FOR OUTWARD SUPPLIES OF TAXABLE GOODS AND/OR SERVICES; APPLICABLE TO: TAXPAYERS WITH ANNUAL TURNOVER UP-TO 1.5 CRORES",,,"01-04-2025","31-03-2026","31-10-2025","2025","2500019","India","regulatory"
"250135","GST ACT","GSTR1","RETURN: QUARTERLY RETURN FOR OUTWARD SUPPLIES OF TAXABLE GOODS AND/OR SERVICES; APPLICABLE TO: TAXPAYERS WITH ANNUAL TURNOVER UP-TO 1.5 CRORES",,,"01-04-2025","31-03-2026","31-01-2026","2025","2500019","India","regulatory"
"250136","INCOME TAX ACT","CHALLAN 281 - I","RETURN: DEPOSIT OF TAX DEDUCTED/COLLECTED  (TDS/TCS); APPLICABLE TO: NON-GOVERNMENT DEDUCTORS/COLLECTOR",,,"01-04-2025","31-03-2026","07-04-2025","2025","2500020","India","regulatory"
"250137","INCOME TAX ACT","CHALLAN 281 - I","RETURN: DEPOSIT OF TAX DEDUCTED/COLLECTED  (TDS/TCS); APPLICABLE TO: NON-GOVERNMENT DEDUCTORS/COLLECTOR",,,"01-04-2025","31-03-2026","07-05-2025","2025","2500020","India","regulatory"
"250138","INCOME TAX ACT","CHALLAN 281 - I","RETURN: DEPOSIT OF TAX DEDUCTED/COLLECTED  (TDS/TCS); APPLICABLE TO: NON-GOVERNMENT DEDUCTORS/COLLECTOR",,,"01-04-2025","31-03-2026","07-06-2025","2025","2500020","India","regulatory"
"250139","INCOME TAX ACT","CHALLAN 281 - I","RETURN: DEPOSIT OF TAX DEDUCTED/COLLECTED  (TDS/TCS); APPLICABLE TO: NON-GOVERNMENT DEDUCTORS/COLLECTOR",,,"01-04-2025","31-03-2026","07-07-2025","2025","2500020","India","regulatory"
"250140","INCOME TAX ACT","CHALLAN 281 - I","RETURN: DEPOSIT OF TAX DEDUCTED/COLLECTED  (TDS/TCS); APPLICABLE TO: NON-GOVERNMENT DEDUCTORS/COLLECTOR",,,"01-04-2025","31-03-2026","07-08-2025","2025","2500020","India","regulatory"
"250141","INCOME TAX ACT","CHALLAN 281 - I","RETURN: DEPOSIT OF TAX DEDUCTED/COLLECTED  (TDS/TCS); APPLICABLE TO: NON-GOVERNMENT DEDUCTORS/COLLECTOR",,,"01-04-2025","31-03-2026","07-09-2025","2025","2500020","India","regulatory"
"250142","INCOME TAX ACT","CHALLAN 281 - I","RETURN: DEPOSIT OF TAX DEDUCTED/COLLECTED  (TDS/TCS); APPLICABLE TO: NON-GOVERNMENT DEDUCTORS/COLLECTOR",,,"01-04-2025","31-03-2026","07-10-2025","2025","2500020","India","regulatory"
"250143","INCOME TAX ACT","CHALLAN 281 - I","RETURN: DEPOSIT OF TAX DEDUCTED/COLLECTED  (TDS/TCS); APPLICABLE TO: NON-GOVERNMENT DEDUCTORS/COLLECTOR",,,"01-04-2025","31-03-2026","07-11-2025","2025","2500020","India","regulatory"
"250144","INCOME TAX ACT","CHALLAN 281 - I","RETURN: DEPOSIT OF TAX DEDUCTED/COLLECTED  (TDS/TCS); APPLICABLE TO: NON-GOVERNMENT DEDUCTORS/COLLECTOR",,,"01-04-2025","31-03-2026","07-12-2025","2025","2500020","India","regulatory"
"250145","INCOME TAX ACT","CHALLAN 281 - I","RETURN: DEPOSIT OF TAX DEDUCTED/COLLECTED  (TDS/TCS); APPLICABLE TO: NON-GOVERNMENT DEDUCTORS/COLLECTOR",,,"01-04-2025","31-03-2026","07-01-2026","2025","2500020","India","regulatory"
"250146","INCOME TAX ACT","CHALLAN 281 - I","RETURN: DEPOSIT OF TAX DEDUCTED/COLLECTED  (TDS/TCS); APPLICABLE TO: NON-GOVERNMENT DEDUCTORS/COLLECTOR",,,"01-04-2025","31-03-2026","07-02-2026","2025","2500020","India","regulatory"
"250147","INCOME TAX ACT","CHALLAN 281 - I","RETURN: DEPOSIT OF TAX DEDUCTED/COLLECTED  (TDS/TCS); APPLICABLE TO: NON-GOVERNMENT DEDUCTORS/COLLECTOR",,,"01-04-2025","31-03-2026","07-03-2026","2025","2500020","India","regulatory"
"250148","INCOME TAX ACT","FORM 27EQ","RETURN: QUARTERLY STATEMENT OF TCS DEPOSITED; APPLICABLE TO: TCS COLLECTORS",,,"01-04-2025","31-03-2026","15-04-2025","2025","2500021","India","regulatory"
"250149","INCOME TAX ACT","FORM 27EQ","RETURN: QUARTERLY STATEMENT OF TCS DEPOSITED; APPLICABLE TO: TCS COLLECTORS",,,"01-04-2025","31-03-2026","15-05-2025","2025","2500021","India","regulatory"
"250150","INCOME TAX ACT","FORM 27EQ","RETURN: QUARTERLY STATEMENT OF TCS DEPOSITED; APPLICABLE TO: TCS COLLECTORS",,,"01-04-2025","31-03-2026","15-06-2025","2025","2500021","India","regulatory"
"250151","INCOME TAX ACT","FORM 27EQ","RETURN: QUARTERLY STATEMENT OF TCS DEPOSITED; APPLICABLE TO: TCS COLLECTORS",,,"01-04-2025","31-03-2026","15-07-2025","2025","2500021","India","regulatory"
"250152","INCOME TAX ACT","FORM 27EQ","RETURN: QUARTERLY STATEMENT OF TCS DEPOSITED; APPLICABLE TO: TCS COLLECTORS",,,"01-04-2025","31-03-2026","15-08-2025","2025","2500021","India","regulatory"
"250153","INCOME TAX ACT","FORM 27EQ","RETURN: QUARTERLY STATEMENT OF TCS DEPOSITED; APPLICABLE TO: TCS COLLECTORS",,,"01-04-2025","31-03-2026","15-09-2025","2025","2500021","India","regulatory"
"250154","INCOME TAX ACT","FORM 27EQ","RETURN: QUARTERLY STATEMENT OF TCS DEPOSITED; APPLICABLE TO: TCS COLLECTORS",,,"01-04-2025","31-03-2026","15-10-2025","2025","2500021","India","regulatory"
"250155","INCOME TAX ACT","FORM 27EQ","RETURN: QUARTERLY STATEMENT OF TCS DEPOSITED; APPLICABLE TO: TCS COLLECTORS",,,"01-04-2025","31-03-2026","15-11-2025","2025","2500021","India","regulatory"
"250156","INCOME TAX ACT","FORM 27EQ","RETURN: QUARTERLY STATEMENT OF TCS DEPOSITED; APPLICABLE TO: TCS COLLECTORS",,,"01-04-2025","31-03-2026","15-12-2025","2025","2500021","India","regulatory"
"250157","INCOME TAX ACT","FORM 27EQ","RETURN: QUARTERLY STATEMENT OF TCS DEPOSITED; APPLICABLE TO: TCS COLLECTORS",,,"01-04-2025","31-03-2026","15-01-2026","2025","2500021","India","regulatory"
"250158","INCOME TAX ACT","FORM 27EQ","RETURN: QUARTERLY STATEMENT OF TCS DEPOSITED; APPLICABLE TO: TCS COLLECTORS",,,"01-04-2025","31-03-2026","15-02-2026","2025","2500021","India","regulatory"
"250159","INCOME TAX ACT","FORM 27EQ","RETURN: QUARTERLY STATEMENT OF TCS DEPOSITED; APPLICABLE TO: TCS COLLECTORS",,,"01-04-2025","31-03-2026","15-03-2026","2025","2500021","India","regulatory"
"250160","INCOME TAX ACT","FORM 27D","RETURN: ISSUE OF TCS CERTIFICATES; APPLICABLE TO: TCS COLLECTORS",,,"01-04-2025","31-03-2026","30-07-2025","2025","2500022","India","regulatory"
"250161","INCOME TAX ACT","FORM 27D","RETURN: ISSUE OF TCS CERTIFICATES; APPLICABLE TO: TCS COLLECTORS",,,"01-04-2025","31-03-2026","30-10-2025","2025","2500022","India","regulatory"
"250162","INCOME TAX ACT","FORM 27D","RETURN: ISSUE OF TCS CERTIFICATES; APPLICABLE TO: TCS COLLECTORS",,,"01-04-2025","31-03-2026","30-01-2026","2025","2500022","India","regulatory"
"250163","INCOME TAX ACT","26Q, 24Q","RETURN: QUARTERLY STATEMENT OF TDS DEPOSITED; APPLICABLE TO: ALL DEDUCTORS",,,"01-04-2025","31-03-2026","31-05-2025","2025","2500023","India","regulatory"
"250164","INCOME TAX ACT","26Q, 24Q","RETURN: QUARTERLY STATEMENT OF TDS DEPOSITED; APPLICABLE TO: ALL DEDUCTORS",,,"01-04-2025","31-03-2026","31-07-2025","2025","2500023","India","regulatory"
"250165","INCOME TAX ACT","26Q, 24Q","RETURN: QUARTERLY STATEMENT OF TDS DEPOSITED; APPLICABLE TO: ALL DEDUCTORS",,,"01-04-2025","31-03-2026","31-10-2025","2025","2500023","India","regulatory"
"250166","INCOME TAX ACT","26Q, 24Q","RETURN: QUARTERLY STATEMENT OF TDS DEPOSITED; APPLICABLE TO: ALL DEDUCTORS",,,"01-04-2025","31-03-2026","31-01-2026","2025","2500023","India","regulatory"
"250167","INCOME TAX ACT","FORM 16A","RETURN: QUARTERLY TDS CERTIFICATES (IN RESPECT OF TAX DEDUCTED FOR PAYMENTS OTHER THAN SALARY);  APPLICABLE TO: INCOME TAX DEDUCTORS",,,"01-04-2025","31-03-2026","15-06-2025","2025","2500024","India","regulatory"
"250168","INCOME TAX ACT","FORM 16A","RETURN: QUARTERLY TDS CERTIFICATES (IN RESPECT OF TAX DEDUCTED FOR PAYMENTS OTHER THAN SALARY);  APPLICABLE TO: INCOME TAX DEDUCTORS",,,"01-04-2025","31-03-2026","15-11-2025","2025","2500024","India","regulatory"
"250169","INCOME TAX ACT","FORM 16A","RETURN: QUARTERLY TDS CERTIFICATES (IN RESPECT OF TAX DEDUCTED FOR PAYMENTS OTHER THAN SALARY);  APPLICABLE TO: INCOME TAX DEDUCTORS",,,"01-04-2025","31-03-2026","16-02-2026","2025","2500024","India","regulatory"
"250170","INCOME TAX ACT","CHALLAN 281 - II","RETURN: DEPOSIT OF TAX DEDUCTED; APPLICABLE TO: NON-GOVERNMENT DEDUCTORS",,,"01-04-2025","31-03-2026","30-04-2025","2025","2500025","India","regulatory"
"250171","INCOME TAX ACT","CHALLAN 280 - I","RETURN:PAYMENT OF ADVANCE INCOME TAX; APPLICABLE TO: TAXPAYERS LIABLE TO PAY ADVANCE TAX",,,"01-04-2025","31-03-2026","15-06-2025","2025","2500026","India","regulatory"
"250172","INCOME TAX ACT","CHALLAN 280 - I","RETURN:PAYMENT OF ADVANCE INCOME TAX; APPLICABLE TO: TAXPAYERS LIABLE TO PAY ADVANCE TAX",,,"01-04-2025","31-03-2026","15-09-2025","2025","2500026","India","regulatory"
"250173","INCOME TAX ACT","CHALLAN 280 - I","RETURN:PAYMENT OF ADVANCE INCOME TAX; APPLICABLE TO: TAXPAYERS LIABLE TO PAY ADVANCE TAX",,,"01-04-2025","31-03-2026","15-12-2025","2025","2500026","India","regulatory"
"250174","INCOME TAX ACT","ITR FORMS","RETURN: RETURN OF INCOME FOR OTHERS COVERED UNDER AUDIT AND COMPANIES BUT OTHER THAN COVERED UNDER TP REGULATION; APPLICABLE TO: ASSESSEE LIABLE TO TAX AUDIT AND COMPANIES OTHER THAN THOSE COVERED IN TP",,,"01-04-2025","31-03-2026","30-09-2025","2025","2500027","India","regulatory"
"250175","INCOME TAX ACT","ITR FORMS","RETURN: RETURN OF INCOME FOR OTHERS COVERED UNDER AUDIT AND COMPANIES BUT OTHER THAN COVERED UNDER TP REGULATION; APPLICABLE TO: ASSESSEE LIABLE TO TAX AUDIT AND COMPANIES OTHER THAN THOSE COVERED IN TP",,,"01-04-2025","31-03-2026","30-11-2025","2025","2500027","India","regulatory"
"250176","INCOME TAX ACT","FORM 16B & 16C","RETURN: ISSUE OF TDS CERTIFICATE U/S 194IA AND IB; APPLICABLE TO: ALL DEDUCTORS RELATED TO IMMOVABLE PROPERTY SALE & RENT",,,"01-04-2025","31-03-2026","14-04-2025","2025","2500028","India","regulatory"
"250177","INCOME TAX ACT","FORM 16B & 16C","RETURN: ISSUE OF TDS CERTIFICATE U/S 194IA AND IB; APPLICABLE TO: ALL DEDUCTORS RELATED TO IMMOVABLE PROPERTY SALE & RENT",,,"01-04-2025","31-03-2026","14-05-2025","2025","2500028","India","regulatory"
"250178","INCOME TAX ACT","FORM 16B & 16C","RETURN: ISSUE OF TDS CERTIFICATE U/S 194IA AND IB; APPLICABLE TO: ALL DEDUCTORS RELATED TO IMMOVABLE PROPERTY SALE & RENT",,,"01-04-2025","31-03-2026","14-06-2025","2025","2500028","India","regulatory"
"250179","INCOME TAX ACT","FORM 16B & 16C","RETURN: ISSUE OF TDS CERTIFICATE U/S 194IA AND IB; APPLICABLE TO: ALL DEDUCTORS RELATED TO IMMOVABLE PROPERTY SALE & RENT",,,"01-04-2025","31-03-2026","14-07-2025","2025","2500028","India","regulatory"
"250180","INCOME TAX ACT","FORM 16B & 16C","RETURN: ISSUE OF TDS CERTIFICATE U/S 194IA AND IB; APPLICABLE TO: ALL DEDUCTORS RELATED TO IMMOVABLE PROPERTY SALE & RENT",,,"01-04-2025","31-03-2026","14-08-2025","2025","2500028","India","regulatory"
"250181","INCOME TAX ACT","FORM 16B & 16C","RETURN: ISSUE OF TDS CERTIFICATE U/S 194IA AND IB; APPLICABLE TO: ALL DEDUCTORS RELATED TO IMMOVABLE PROPERTY SALE & RENT",,,"01-04-2025","31-03-2026","14-09-2025","2025","2500028","India","regulatory"
"250182","INCOME TAX ACT","FORM 16B & 16C","RETURN: ISSUE OF TDS CERTIFICATE U/S 194IA AND IB; APPLICABLE TO: ALL DEDUCTORS RELATED TO IMMOVABLE PROPERTY SALE & RENT",,,"01-04-2025","31-03-2026","14-10-2025","2025","2500028","India","regulatory"
"250183","INCOME TAX ACT","FORM 16B & 16C","RETURN: ISSUE OF TDS CERTIFICATE U/S 194IA AND IB; APPLICABLE TO: ALL DEDUCTORS RELATED TO IMMOVABLE PROPERTY SALE & RENT",,,"01-04-2025","31-03-2026","14-11-2025","2025","2500028","India","regulatory"
"250184","INCOME TAX ACT","FORM 16B & 16C","RETURN: ISSUE OF TDS CERTIFICATE U/S 194IA AND IB; APPLICABLE TO: ALL DEDUCTORS RELATED TO IMMOVABLE PROPERTY SALE & RENT",,,"01-04-2025","31-03-2026","14-12-2025","2025","2500028","India","regulatory"
"250185","INCOME TAX ACT","FORM 16B & 16C","RETURN: ISSUE OF TDS CERTIFICATE U/S 194IA AND IB; APPLICABLE TO: ALL DEDUCTORS RELATED TO IMMOVABLE PROPERTY SALE & RENT",,,"01-04-2025","31-03-2026","14-01-2026","2025","2500028","India","regulatory"
"250186","INCOME TAX ACT","FORM 16B & 16C","RETURN: ISSUE OF TDS CERTIFICATE U/S 194IA AND IB; APPLICABLE TO: ALL DEDUCTORS RELATED TO IMMOVABLE PROPERTY SALE & RENT",,,"01-04-2025","31-03-2026","14-02-2026","2025","2500028","India","regulatory"
"250187","INCOME TAX ACT","FORM 16B & 16C","RETURN: ISSUE OF TDS CERTIFICATE U/S 194IA AND IB; APPLICABLE TO: ALL DEDUCTORS RELATED TO IMMOVABLE PROPERTY SALE & RENT",,,"01-04-2025","31-03-2026","14-03-2026","2025","2500028","India","regulatory"
"250188","INCOME TAX ACT","CHALLAN 280 - II","RETURN: PAYMENT OF ADVANCE INCOME TAX - 2ND?INSTALMENT; APPLICABLE TO: TAXPAYERS LIABLE TO PAY ADVANCE TAX",,,"01-04-2025","31-03-2026","15-09-2025","2025","2500029","India","regulatory"
"250189","COMPANIES ACT","FORM 11","RETURN: ANNUAL RETURN WITH MCA; APPLICABLE TO: ALL LLPS",,,"01-04-2025","31-03-2026","30-05-2025","2025","2500030","India","regulatory"
"250190","COMPANIES ACT","MGT-7","RETURN: FILING OF ANNUAL RETURN WITH MCA; APPLICABLE TO: ALL COMPANIES",,,"01-04-2025","31-03-2026","29-11-2025","2025","2500031","India","regulatory"
"250191","COMPANIES ACT","FORM 8","RETURN:STATEMENT OF ACCOUNT & SOLVENCY; APPLICABLE TO: ALL LLPS",,,"01-04-2025","31-03-2026","30-10-2025","2025","2500032","India","regulatory"
"250192","FEMA ACT","ECB-2","RETURN:REPORTING OF ACTUAL TRANSACTIONS OF EXTERNAL COMMERCIAL BORROWINGS (ECB) THROUGH AD BANK UNDER FEMA; APPLICABLE TO: ALL CATEGORIES OF ECB",,,"01-04-2025","31-03-2026","07-04-2025","2025","2500033","India","regulatory"
"250193","FEMA ACT","ECB-2","RETURN:REPORTING OF ACTUAL TRANSACTIONS OF EXTERNAL COMMERCIAL BORROWINGS (ECB) THROUGH AD BANK UNDER FEMA; APPLICABLE TO: ALL CATEGORIES OF ECB",,,"01-04-2025","31-03-2026","07-05-2025","2025","2500033","India","regulatory"
"250194","FEMA ACT","ECB-2","RETURN:REPORTING OF ACTUAL TRANSACTIONS OF EXTERNAL COMMERCIAL BORROWINGS (ECB) THROUGH AD BANK UNDER FEMA; APPLICABLE TO: ALL CATEGORIES OF ECB",,,"01-04-2025","31-03-2026","07-06-2025","2025","2500033","India","regulatory"
"250195","FEMA ACT","ECB-2","RETURN:REPORTING OF ACTUAL TRANSACTIONS OF EXTERNAL COMMERCIAL BORROWINGS (ECB) THROUGH AD BANK UNDER FEMA; APPLICABLE TO: ALL CATEGORIES OF ECB",,,"01-04-2025","31-03-2026","07-07-2025","2025","2500033","India","regulatory"
"250196","FEMA ACT","ECB-2","RETURN:REPORTING OF ACTUAL TRANSACTIONS OF EXTERNAL COMMERCIAL BORROWINGS (ECB) THROUGH AD BANK UNDER FEMA; APPLICABLE TO: ALL CATEGORIES OF ECB",,,"01-04-2025","31-03-2026","07-08-2025","2025","2500033","India","regulatory"
"250197","FEMA ACT","ECB-2","RETURN:REPORTING OF ACTUAL TRANSACTIONS OF EXTERNAL COMMERCIAL BORROWINGS (ECB) THROUGH AD BANK UNDER FEMA; APPLICABLE TO: ALL CATEGORIES OF ECB",,,"01-04-2025","31-03-2026","07-09-2025","2025","2500033","India","regulatory"
"250198","FEMA ACT","ECB-2","RETURN:REPORTING OF ACTUAL TRANSACTIONS OF EXTERNAL COMMERCIAL BORROWINGS (ECB) THROUGH AD BANK UNDER FEMA; APPLICABLE TO: ALL CATEGORIES OF ECB",,,"01-04-2025","31-03-2026","07-10-2025","2025","2500033","India","regulatory"
"250199","FEMA ACT","ECB-2","RETURN:REPORTING OF ACTUAL TRANSACTIONS OF EXTERNAL COMMERCIAL BORROWINGS (ECB) THROUGH AD BANK UNDER FEMA; APPLICABLE TO: ALL CATEGORIES OF ECB",,,"01-04-2025","31-03-2026","07-11-2025","2025","2500033","India","regulatory"
"250200","FEMA ACT","ECB-2","RETURN:REPORTING OF ACTUAL TRANSACTIONS OF EXTERNAL COMMERCIAL BORROWINGS (ECB) THROUGH AD BANK UNDER FEMA; APPLICABLE TO: ALL CATEGORIES OF ECB",,,"01-04-2025","31-03-2026","07-12-2025","2025","2500033","India","regulatory"
"250201","FEMA ACT","ECB-2","RETURN:REPORTING OF ACTUAL TRANSACTIONS OF EXTERNAL COMMERCIAL BORROWINGS (ECB) THROUGH AD BANK UNDER FEMA; APPLICABLE TO: ALL CATEGORIES OF ECB",,,"01-04-2025","31-03-2026","07-01-2026","2025","2500033","India","regulatory"
"250202","FEMA ACT","ECB-2","RETURN:REPORTING OF ACTUAL TRANSACTIONS OF EXTERNAL COMMERCIAL BORROWINGS (ECB) THROUGH AD BANK UNDER FEMA; APPLICABLE TO: ALL CATEGORIES OF ECB",,,"01-04-2025","31-03-2026","07-02-2026","2025","2500033","India","regulatory"
"250203","FEMA ACT","ECB-2","RETURN:REPORTING OF ACTUAL TRANSACTIONS OF EXTERNAL COMMERCIAL BORROWINGS (ECB) THROUGH AD BANK UNDER FEMA; APPLICABLE TO: ALL CATEGORIES OF ECB",,,"01-04-2025","31-03-2026","07-03-2026","2025","2500033","India","regulatory"
"250204","FEMA ACT","ANNEX D","RETURN: ANNUAL ACTIVITY CERTIFICATE (AAC) FOR BRANCH / LIAISON OFFICE UNDER FEMA; APPLICABLE TO: BRANCH / LIAISON OFFICE OF FOREIGN CO.",,,"01-04-2025","31-03-2026","30-09-2025","2025","2500034","India","regulatory"
"250205","FEMA ACT","FLA RETURN","RETURN: ANNUAL RETURN ON FOREIGN LIABILITIES AND ASSETS UNDER FEMA; APPLICABLE TO: ALL RESIDENT COMPANIES AND LLPS WHICH HAVE RECEIVED FDI / MADE ODI",,,"01-04-2025","31-03-2026","15-07-2025","2025","2500035","India","regulatory"
"250206","EMPLOYEMENT EXCHANGES ACT","ER-I(RULE 6)","RETURN: QUARTERLY RETURN FOR QUARTER ENDED",,,"01-04-2025","31-03-2026","15-04-2025","2025","2500036","India","regulatory"
"250207","EMPLOYEMENT EXCHANGES ACT","ER-I(RULE 6)","RETURN: QUARTERLY RETURN FOR QUARTER ENDED",,,"01-04-2025","31-03-2026","15-07-2025","2025","2500036","India","regulatory"
"250208","EMPLOYEMENT EXCHANGES ACT","ER-I(RULE 6)","RETURN: QUARTERLY RETURN FOR QUARTER ENDED",,,"01-04-2025","31-03-2026","15-10-2025","2025","2500036","India","regulatory"
"250209","EMPLOYEMENT EXCHANGES ACT","ER-I(RULE 6)","RETURN: QUARTERLY RETURN FOR QUARTER ENDED",,,"01-04-2025","31-03-2026","15-01-2026","2025","2500036","India","regulatory"
"250210","MATERNITY BENEFIT ACT","LMNO RULE 16(1)","RETURN: ANNUAL RETURNS AND DETAILS OF PAYMENT ENDING 31ST DEC.",,,"01-04-2025","31-03-2026","31-01-2026","2025","2500037","India","regulatory"
"250211","DPDP ACT","Foundational Setup","Identify all personal data held. Classify it by purpose and sensitivity. Designate a Data Protection Officer (mandatory for Significant Data Fiduciaries). Review current privacy policies and Systems against the new Act's requirements. Review and update `Data Processing Agreements` (DPAs) with third-party processors. 
","Identify all personal data held. Classify it by purpose and sensitivity. Designate a Data Protection Officer (mandatory for Significant Data Fiduciaries). Review current privacy policies and Systems against the new Act's requirements. Review and update `Data Processing Agreements` (DPAs) with third-party processors. 
","Foundation - Data Inventory & Mapping","01-01-2026","13-05-2027",,"2025","2500038","India","data compliance"
"250212","DPDP ACT","Foundational Setup","Identify all personal data held. Classify it by purpose and sensitivity. Designate a Data Protection Officer (mandatory for Significant Data Fiduciaries). Review current privacy policies and Systems against the new Act's requirements. Review and update `Data Processing Agreements` (DPAs) with third-party processors. 
","Identify all personal data held. Classify it by purpose and sensitivity. Designate a Data Protection Officer (mandatory for Significant Data Fiduciaries). Review current privacy policies and Systems against the new Act's requirements. Review and update `Data Processing Agreements` (DPAs) with third-party processors. 
","Foundation - DPO Appointment","01-01-2026","13-05-2027",,"2025","2500038","India","data compliance"
"250213","DPDP ACT","Foundational Setup","Identify all personal data held. Classify it by purpose and sensitivity. Designate a Data Protection Officer (mandatory for Significant Data Fiduciaries). Review current privacy policies and Systems against the new Act's requirements. Review and update `Data Processing Agreements` (DPAs) with third-party processors. 
","Identify all personal data held. Classify it by purpose and sensitivity. Designate a Data Protection Officer (mandatory for Significant Data Fiduciaries). Review current privacy policies and Systems against the new Act's requirements. Review and update `Data Processing Agreements` (DPAs) with third-party processors. 
","Foundation - Gap Analysis","01-01-2026","13-05-2027",,"2025","2500038","India","data compliance"
"250214","DPDP ACT","Foundational Setup","Identify all personal data held. Classify it by purpose and sensitivity. Designate a Data Protection Officer (mandatory for Significant Data Fiduciaries). Review current privacy policies and Systems against the new Act's requirements. Review and update `Data Processing Agreements` (DPAs) with third-party processors. 
","Identify all personal data held. Classify it by purpose and sensitivity. Designate a Data Protection Officer (mandatory for Significant Data Fiduciaries). Review current privacy policies and Systems against the new Act's requirements. Review and update `Data Processing Agreements` (DPAs) with third-party processors. 
","Foundation - Vendor Audit","01-01-2026","13-05-2027",,"2025","2500038","India","data compliance"
"250215","DPDP ACT","Foundational Setup","Identify all personal data held. Classify it by purpose and sensitivity. Designate a Data Protection Officer (mandatory for Significant Data Fiduciaries). Review current privacy policies and Systems against the new Act's requirements. Review and update `Data Processing Agreements` (DPAs) with third-party processors. 
","Identify all personal data held. Classify it by purpose and sensitivity. Designate a Data Protection Officer (mandatory for Significant Data Fiduciaries). Review current privacy policies and Systems against the new Act's requirements. Review and update `Data Processing Agreements` (DPAs) with third-party processors. 
","Foundation - Data Minimisation","01-01-2026","13-05-2027",,"2025","2500038","India","data compliance"
"250216","DPDP ACT","Foundational Setup","Identify all personal data held. Classify it by purpose and sensitivity. Designate a Data Protection Officer (mandatory for Significant Data Fiduciaries). Review current privacy policies and Systems against the new Act's requirements. Review and update `Data Processing Agreements` (DPAs) with third-party processors. 
","Identify all personal data held. Classify it by purpose and sensitivity. Designate a Data Protection Officer (mandatory for Significant Data Fiduciaries). Review current privacy policies and Systems against the new Act's requirements. Review and update `Data Processing Agreements` (DPAs) with third-party processors. 
","Foundation - Legal Basis of Processing","01-01-2026","13-05-2027",,"2025","2500038","India","data compliance"
"250217","DPDP ACT","Foundational Setup","Identify all personal data held. Classify it by purpose and sensitivity. Designate a Data Protection Officer (mandatory for Significant Data Fiduciaries). Review current privacy policies and Systems against the new Act's requirements. Review and update `Data Processing Agreements` (DPAs) with third-party processors. 
","Identify all personal data held. Classify it by purpose and sensitivity. Designate a Data Protection Officer (mandatory for Significant Data Fiduciaries). Review current privacy policies and Systems against the new Act's requirements. Review and update `Data Processing Agreements` (DPAs) with third-party processors. 
","Foundation - Purpose Limitation","01-01-2026","13-05-2027",,"2025","2500038","India","data compliance"
"250218","DPDP ACT","Foundational Setup","Identify all personal data held. Classify it by purpose and sensitivity. Designate a Data Protection Officer (mandatory for Significant Data Fiduciaries). Review current privacy policies and Systems against the new Act's requirements. Review and update `Data Processing Agreements` (DPAs) with third-party processors. 
","Identify all personal data held. Classify it by purpose and sensitivity. Designate a Data Protection Officer (mandatory for Significant Data Fiduciaries). Review current privacy policies and Systems against the new Act's requirements. Review and update `Data Processing Agreements` (DPAs) with third-party processors. 
","Foundation - Storage Limitation","01-01-2026","13-05-2027",,"2025","2500038","India","data compliance"
"250219","DPDP ACT","Foundational Setup","Identify all personal data held. Classify it by purpose and sensitivity. Designate a Data Protection Officer (mandatory for Significant Data Fiduciaries). Review current privacy policies and Systems against the new Act's requirements. Review and update `Data Processing Agreements` (DPAs) with third-party processors. 
","Identify all personal data held. Classify it by purpose and sensitivity. Designate a Data Protection Officer (mandatory for Significant Data Fiduciaries). Review current privacy policies and Systems against the new Act's requirements. Review and update `Data Processing Agreements` (DPAs) with third-party processors. 
","Foundation - Security Measures / SafeGuards","01-01-2026","13-05-2027",,"2025","2500038","India","data compliance"
"250220","DPDP ACT","Foundational Setup","Identify all personal data held. Classify it by purpose and sensitivity. Designate a Data Protection Officer (mandatory for Significant Data Fiduciaries). Review current privacy policies and Systems against the new Act's requirements. Review and update `Data Processing Agreements` (DPAs) with third-party processors. 
","Identify all personal data held. Classify it by purpose and sensitivity. Designate a Data Protection Officer (mandatory for Significant Data Fiduciaries). Review current privacy policies and Systems against the new Act's requirements. Review and update `Data Processing Agreements` (DPAs) with third-party processors. 
","Foundation - Cross-Border Data Transfers","01-01-2026","13-05-2027",,"2025","2500038","India","data compliance"
"250221","DPDP ACT","Foundational Setup","Identify all personal data held. Classify it by purpose and sensitivity. Designate a Data Protection Officer (mandatory for Significant Data Fiduciaries). Review current privacy policies and Systems against the new Act's requirements. Review and update `Data Processing Agreements` (DPAs) with third-party processors. 
","Identify all personal data held. Classify it by purpose and sensitivity. Designate a Data Protection Officer (mandatory for Significant Data Fiduciaries). Review current privacy policies and Systems against the new Act's requirements. Review and update `Data Processing Agreements` (DPAs) with third-party processors. 
","Foundation - Record of Processing Activities (ROPA)","01-01-2026","13-05-2027",,"2025","2500038","India","data compliance"
"250222","DPDP ACT","Foundational Setup","Identify all personal data held. Classify it by purpose and sensitivity. Designate a Data Protection Officer (mandatory for Significant Data Fiduciaries). Review current privacy policies and Systems against the new Act's requirements. Review and update `Data Processing Agreements` (DPAs) with third-party processors. 
","Identify all personal data held. Classify it by purpose and sensitivity. Designate a Data Protection Officer (mandatory for Significant Data Fiduciaries). Review current privacy policies and Systems against the new Act's requirements. Review and update `Data Processing Agreements` (DPAs) with third-party processors. 
","Foundation - Policy Documentation","01-01-2026","13-05-2027",,"2025","2500038","India","data compliance"
"250223","DPDP ACT","Foundational Setup","Identify all personal data held. Classify it by purpose and sensitivity. Designate a Data Protection Officer (mandatory for Significant Data Fiduciaries). Review current privacy policies and Systems against the new Act's requirements. Review and update `Data Processing Agreements` (DPAs) with third-party processors. 
","Identify all personal data held. Classify it by purpose and sensitivity. Designate a Data Protection Officer (mandatory for Significant Data Fiduciaries). Review current privacy policies and Systems against the new Act's requirements. Review and update `Data Processing Agreements` (DPAs) with third-party processors. 
","Foundation - Training and Awareness","01-01-2026","13-05-2027",,"2025","2500038","India","data compliance"
"250224","DPDP ACT","System Development/Upgradation","Templates that auto-generate ""clear and standalone"" notices. It should support layered notices (a short summary for users and a deep-dive for legal teams).
One-click translation of notices into the 22 Scheduled languages of India (a specific DPDP requirement).
A database that tracks ""itemized"" consent. If a user agrees to delivery but not marketing, the system must flag this to the company?s marketing API.
A ""one-tap"" withdrawal interface for users that automatically triggers a stop-processing command across the company?s tech stack.
Prepare systems to interact with ""Consent Managers"" (authorized Indian entities that help users manage permissions).
Draft standalone notices in English and the 22 Scheduled languages.
The technical ""off-switch"" for data processing when a user withdraws consent.
If your client wants to act as a ""Consent Manager,"" the registration window typically opens 12 months post-notification (Nov 13, 2026).","Section 6 of the Digital Personal Data Protection (DPDP) Act, 2023 lays out the rules for how consent is required to process someone?s personal data. It makes consent the foundation for any data processing and gives individuals control over their information.
Key Points of Section 6: 
Consent 6(1)-Valid Consent Standards:Consent needs to be free, clear, informed, unconditional, and specific. This means people should actively agree to how their data is used, knowing exactly why it's being collected and for what purpose. It should never be vague or forced. Also, only the data necessary for that purpose should be collected.
6(2)-Invalid Consent:Any consent request that doesn?t follow the rules of this law or any other relevant laws is considered invalid.
6(3)-Clear and Accessible Consent:Requests for consent must be easy to understand, written in plain language, and available in English as well as the 22 languages listed in the Constitution. The consent request must also include contact details for a Data Protection Officer or someone authorized to answer questions.
6(4)-Right to Withdraw Consent:You can withdraw consent at any time, and the process of withdrawing should be as simple as giving it in the first place.
6(5)-Consequences of Withdrawal:If you withdraw your consent, you are responsible for the consequences. However, any data that was processed before you withdrew consent is still lawful.
6(6)-Ceasing Data Processing:When consent is withdrawn, the Data Fiduciary (the organization processing your data) must stop using your data as soon as possible, unless there?s another legal reason to continue processing it.
6(7)-Consent Managers:You can appoint a Consent Manager to handle and manage your consent on your behalf.
6(8)-Accountability of Consent Managers:Consent Managers are accountable to you, the individual, and must act according to your instructions and preferences.6(9)-Registering Consent Managers:Consent Managers must be registered with the Data Protection Board of India and meet the required conditions to operate.6(10)-Burden of Proof:The Data Fiduciary must prove that they?ve clearly informed you and obtained your valid consent before processing your data.","Consent - Dynamic Notice Generator","01-01-2026","13-11-2026",,"2025","2500039","India","data compliance"
"250225","DPDP ACT","System Development/Upgradation","Templates that auto-generate ""clear and standalone"" notices. It should support layered notices (a short summary for users and a deep-dive for legal teams).
One-click translation of notices into the 22 Scheduled languages of India (a specific DPDP requirement).
A database that tracks ""itemized"" consent. If a user agrees to delivery but not marketing, the system must flag this to the company?s marketing API.
A ""one-tap"" withdrawal interface for users that automatically triggers a stop-processing command across the company?s tech stack.
Prepare systems to interact with ""Consent Managers"" (authorized Indian entities that help users manage permissions).
Draft standalone notices in English and the 22 Scheduled languages.
The technical ""off-switch"" for data processing when a user withdraws consent.
If your client wants to act as a ""Consent Manager,"" the registration window typically opens 12 months post-notification (Nov 13, 2026).","Section 6 of the Digital Personal Data Protection (DPDP) Act, 2023 lays out the rules for how consent is required to process someone?s personal data. It makes consent the foundation for any data processing and gives individuals control over their information.
Key Points of Section 6: 
Consent 6(1)-Valid Consent Standards:Consent needs to be free, clear, informed, unconditional, and specific. This means people should actively agree to how their data is used, knowing exactly why it's being collected and for what purpose. It should never be vague or forced. Also, only the data necessary for that purpose should be collected.
6(2)-Invalid Consent:Any consent request that doesn?t follow the rules of this law or any other relevant laws is considered invalid.
6(3)-Clear and Accessible Consent:Requests for consent must be easy to understand, written in plain language, and available in English as well as the 22 languages listed in the Constitution. The consent request must also include contact details for a Data Protection Officer or someone authorized to answer questions.
6(4)-Right to Withdraw Consent:You can withdraw consent at any time, and the process of withdrawing should be as simple as giving it in the first place.
6(5)-Consequences of Withdrawal:If you withdraw your consent, you are responsible for the consequences. However, any data that was processed before you withdrew consent is still lawful.
6(6)-Ceasing Data Processing:When consent is withdrawn, the Data Fiduciary (the organization processing your data) must stop using your data as soon as possible, unless there?s another legal reason to continue processing it.
6(7)-Consent Managers:You can appoint a Consent Manager to handle and manage your consent on your behalf.
6(8)-Accountability of Consent Managers:Consent Managers are accountable to you, the individual, and must act according to your instructions and preferences.6(9)-Registering Consent Managers:Consent Managers must be registered with the Data Protection Board of India and meet the required conditions to operate.6(10)-Burden of Proof:The Data Fiduciary must prove that they?ve clearly informed you and obtained your valid consent before processing your data.","Consent - Multilingual Support","01-01-2026","13-11-2026",,"2025","2500039","India","data compliance"
"250226","DPDP ACT","System Development/Upgradation","Templates that auto-generate ""clear and standalone"" notices. It should support layered notices (a short summary for users and a deep-dive for legal teams).
One-click translation of notices into the 22 Scheduled languages of India (a specific DPDP requirement).
A database that tracks ""itemized"" consent. If a user agrees to delivery but not marketing, the system must flag this to the company?s marketing API.
A ""one-tap"" withdrawal interface for users that automatically triggers a stop-processing command across the company?s tech stack.
Prepare systems to interact with ""Consent Managers"" (authorized Indian entities that help users manage permissions).
Draft standalone notices in English and the 22 Scheduled languages.
The technical ""off-switch"" for data processing when a user withdraws consent.
If your client wants to act as a ""Consent Manager,"" the registration window typically opens 12 months post-notification (Nov 13, 2026).","Section 6 of the Digital Personal Data Protection (DPDP) Act, 2023 lays out the rules for how consent is required to process someone?s personal data. It makes consent the foundation for any data processing and gives individuals control over their information.
Key Points of Section 6: 
Consent 6(1)-Valid Consent Standards:Consent needs to be free, clear, informed, unconditional, and specific. This means people should actively agree to how their data is used, knowing exactly why it's being collected and for what purpose. It should never be vague or forced. Also, only the data necessary for that purpose should be collected.
6(2)-Invalid Consent:Any consent request that doesn?t follow the rules of this law or any other relevant laws is considered invalid.
6(3)-Clear and Accessible Consent:Requests for consent must be easy to understand, written in plain language, and available in English as well as the 22 languages listed in the Constitution. The consent request must also include contact details for a Data Protection Officer or someone authorized to answer questions.
6(4)-Right to Withdraw Consent:You can withdraw consent at any time, and the process of withdrawing should be as simple as giving it in the first place.
6(5)-Consequences of Withdrawal:If you withdraw your consent, you are responsible for the consequences. However, any data that was processed before you withdrew consent is still lawful.
6(6)-Ceasing Data Processing:When consent is withdrawn, the Data Fiduciary (the organization processing your data) must stop using your data as soon as possible, unless there?s another legal reason to continue processing it.
6(7)-Consent Managers:You can appoint a Consent Manager to handle and manage your consent on your behalf.
6(8)-Accountability of Consent Managers:Consent Managers are accountable to you, the individual, and must act according to your instructions and preferences.6(9)-Registering Consent Managers:Consent Managers must be registered with the Data Protection Board of India and meet the required conditions to operate.6(10)-Burden of Proof:The Data Fiduciary must prove that they?ve clearly informed you and obtained your valid consent before processing your data.","Consent - Granular Consent Vault","01-01-2026","13-11-2026",,"2025","2500039","India","data compliance"
"250227","DPDP ACT","System Development/Upgradation","Templates that auto-generate ""clear and standalone"" notices. It should support layered notices (a short summary for users and a deep-dive for legal teams).
One-click translation of notices into the 22 Scheduled languages of India (a specific DPDP requirement).
A database that tracks ""itemized"" consent. If a user agrees to delivery but not marketing, the system must flag this to the company?s marketing API.
A ""one-tap"" withdrawal interface for users that automatically triggers a stop-processing command across the company?s tech stack.
Prepare systems to interact with ""Consent Managers"" (authorized Indian entities that help users manage permissions).
Draft standalone notices in English and the 22 Scheduled languages.
The technical ""off-switch"" for data processing when a user withdraws consent.
If your client wants to act as a ""Consent Manager,"" the registration window typically opens 12 months post-notification (Nov 13, 2026).","Section 6 of the Digital Personal Data Protection (DPDP) Act, 2023 lays out the rules for how consent is required to process someone?s personal data. It makes consent the foundation for any data processing and gives individuals control over their information.
Key Points of Section 6: 
Consent 6(1)-Valid Consent Standards:Consent needs to be free, clear, informed, unconditional, and specific. This means people should actively agree to how their data is used, knowing exactly why it's being collected and for what purpose. It should never be vague or forced. Also, only the data necessary for that purpose should be collected.
6(2)-Invalid Consent:Any consent request that doesn?t follow the rules of this law or any other relevant laws is considered invalid.
6(3)-Clear and Accessible Consent:Requests for consent must be easy to understand, written in plain language, and available in English as well as the 22 languages listed in the Constitution. The consent request must also include contact details for a Data Protection Officer or someone authorized to answer questions.
6(4)-Right to Withdraw Consent:You can withdraw consent at any time, and the process of withdrawing should be as simple as giving it in the first place.
6(5)-Consequences of Withdrawal:If you withdraw your consent, you are responsible for the consequences. However, any data that was processed before you withdrew consent is still lawful.
6(6)-Ceasing Data Processing:When consent is withdrawn, the Data Fiduciary (the organization processing your data) must stop using your data as soon as possible, unless there?s another legal reason to continue processing it.
6(7)-Consent Managers:You can appoint a Consent Manager to handle and manage your consent on your behalf.
6(8)-Accountability of Consent Managers:Consent Managers are accountable to you, the individual, and must act according to your instructions and preferences.6(9)-Registering Consent Managers:Consent Managers must be registered with the Data Protection Board of India and meet the required conditions to operate.6(10)-Burden of Proof:The Data Fiduciary must prove that they?ve clearly informed you and obtained your valid consent before processing your data.","Consent - Withdrawal Ease-of-Use","01-01-2026","13-11-2026",,"2025","2500039","India","data compliance"
"250228","DPDP ACT","System Development/Upgradation","Templates that auto-generate ""clear and standalone"" notices. It should support layered notices (a short summary for users and a deep-dive for legal teams).
One-click translation of notices into the 22 Scheduled languages of India (a specific DPDP requirement).
A database that tracks ""itemized"" consent. If a user agrees to delivery but not marketing, the system must flag this to the company?s marketing API.
A ""one-tap"" withdrawal interface for users that automatically triggers a stop-processing command across the company?s tech stack.
Prepare systems to interact with ""Consent Managers"" (authorized Indian entities that help users manage permissions).
Draft standalone notices in English and the 22 Scheduled languages.
The technical ""off-switch"" for data processing when a user withdraws consent.
If your client wants to act as a ""Consent Manager,"" the registration window typically opens 12 months post-notification (Nov 13, 2026).","Section 6 of the Digital Personal Data Protection (DPDP) Act, 2023 lays out the rules for how consent is required to process someone?s personal data. It makes consent the foundation for any data processing and gives individuals control over their information.
Key Points of Section 6: 
Consent 6(1)-Valid Consent Standards:Consent needs to be free, clear, informed, unconditional, and specific. This means people should actively agree to how their data is used, knowing exactly why it's being collected and for what purpose. It should never be vague or forced. Also, only the data necessary for that purpose should be collected.
6(2)-Invalid Consent:Any consent request that doesn?t follow the rules of this law or any other relevant laws is considered invalid.
6(3)-Clear and Accessible Consent:Requests for consent must be easy to understand, written in plain language, and available in English as well as the 22 languages listed in the Constitution. The consent request must also include contact details for a Data Protection Officer or someone authorized to answer questions.
6(4)-Right to Withdraw Consent:You can withdraw consent at any time, and the process of withdrawing should be as simple as giving it in the first place.
6(5)-Consequences of Withdrawal:If you withdraw your consent, you are responsible for the consequences. However, any data that was processed before you withdrew consent is still lawful.
6(6)-Ceasing Data Processing:When consent is withdrawn, the Data Fiduciary (the organization processing your data) must stop using your data as soon as possible, unless there?s another legal reason to continue processing it.
6(7)-Consent Managers:You can appoint a Consent Manager to handle and manage your consent on your behalf.
6(8)-Accountability of Consent Managers:Consent Managers are accountable to you, the individual, and must act according to your instructions and preferences.6(9)-Registering Consent Managers:Consent Managers must be registered with the Data Protection Board of India and meet the required conditions to operate.6(10)-Burden of Proof:The Data Fiduciary must prove that they?ve clearly informed you and obtained your valid consent before processing your data.","Consent - Integration:","01-01-2026","13-11-2026",,"2025","2500039","India","data compliance"
"250229","DPDP ACT","System Development/Upgradation","Templates that auto-generate ""clear and standalone"" notices. It should support layered notices (a short summary for users and a deep-dive for legal teams).
One-click translation of notices into the 22 Scheduled languages of India (a specific DPDP requirement).
A database that tracks ""itemized"" consent. If a user agrees to delivery but not marketing, the system must flag this to the company?s marketing API.
A ""one-tap"" withdrawal interface for users that automatically triggers a stop-processing command across the company?s tech stack.
Prepare systems to interact with ""Consent Managers"" (authorized Indian entities that help users manage permissions).
Draft standalone notices in English and the 22 Scheduled languages.
The technical ""off-switch"" for data processing when a user withdraws consent.
If your client wants to act as a ""Consent Manager,"" the registration window typically opens 12 months post-notification (Nov 13, 2026).","Section 6 of the Digital Personal Data Protection (DPDP) Act, 2023 lays out the rules for how consent is required to process someone?s personal data. It makes consent the foundation for any data processing and gives individuals control over their information.
Key Points of Section 6: 
Consent 6(1)-Valid Consent Standards:Consent needs to be free, clear, informed, unconditional, and specific. This means people should actively agree to how their data is used, knowing exactly why it's being collected and for what purpose. It should never be vague or forced. Also, only the data necessary for that purpose should be collected.
6(2)-Invalid Consent:Any consent request that doesn?t follow the rules of this law or any other relevant laws is considered invalid.
6(3)-Clear and Accessible Consent:Requests for consent must be easy to understand, written in plain language, and available in English as well as the 22 languages listed in the Constitution. The consent request must also include contact details for a Data Protection Officer or someone authorized to answer questions.
6(4)-Right to Withdraw Consent:You can withdraw consent at any time, and the process of withdrawing should be as simple as giving it in the first place.
6(5)-Consequences of Withdrawal:If you withdraw your consent, you are responsible for the consequences. However, any data that was processed before you withdrew consent is still lawful.
6(6)-Ceasing Data Processing:When consent is withdrawn, the Data Fiduciary (the organization processing your data) must stop using your data as soon as possible, unless there?s another legal reason to continue processing it.
6(7)-Consent Managers:You can appoint a Consent Manager to handle and manage your consent on your behalf.
6(8)-Accountability of Consent Managers:Consent Managers are accountable to you, the individual, and must act according to your instructions and preferences.6(9)-Registering Consent Managers:Consent Managers must be registered with the Data Protection Board of India and meet the required conditions to operate.6(10)-Burden of Proof:The Data Fiduciary must prove that they?ve clearly informed you and obtained your valid consent before processing your data.","Consent - Notice Redesign","01-01-2026","13-11-2026",,"2025","2500039","India","data compliance"
"250230","DPDP ACT","System Development/Upgradation","Templates that auto-generate ""clear and standalone"" notices. It should support layered notices (a short summary for users and a deep-dive for legal teams).
One-click translation of notices into the 22 Scheduled languages of India (a specific DPDP requirement).
A database that tracks ""itemized"" consent. If a user agrees to delivery but not marketing, the system must flag this to the company?s marketing API.
A ""one-tap"" withdrawal interface for users that automatically triggers a stop-processing command across the company?s tech stack.
Prepare systems to interact with ""Consent Managers"" (authorized Indian entities that help users manage permissions).
Draft standalone notices in English and the 22 Scheduled languages.
The technical ""off-switch"" for data processing when a user withdraws consent.
If your client wants to act as a ""Consent Manager,"" the registration window typically opens 12 months post-notification (Nov 13, 2026).","Section 6 of the Digital Personal Data Protection (DPDP) Act, 2023 lays out the rules for how consent is required to process someone?s personal data. It makes consent the foundation for any data processing and gives individuals control over their information.
Key Points of Section 6: 
Consent 6(1)-Valid Consent Standards:Consent needs to be free, clear, informed, unconditional, and specific. This means people should actively agree to how their data is used, knowing exactly why it's being collected and for what purpose. It should never be vague or forced. Also, only the data necessary for that purpose should be collected.
6(2)-Invalid Consent:Any consent request that doesn?t follow the rules of this law or any other relevant laws is considered invalid.
6(3)-Clear and Accessible Consent:Requests for consent must be easy to understand, written in plain language, and available in English as well as the 22 languages listed in the Constitution. The consent request must also include contact details for a Data Protection Officer or someone authorized to answer questions.
6(4)-Right to Withdraw Consent:You can withdraw consent at any time, and the process of withdrawing should be as simple as giving it in the first place.
6(5)-Consequences of Withdrawal:If you withdraw your consent, you are responsible for the consequences. However, any data that was processed before you withdrew consent is still lawful.
6(6)-Ceasing Data Processing:When consent is withdrawn, the Data Fiduciary (the organization processing your data) must stop using your data as soon as possible, unless there?s another legal reason to continue processing it.
6(7)-Consent Managers:You can appoint a Consent Manager to handle and manage your consent on your behalf.
6(8)-Accountability of Consent Managers:Consent Managers are accountable to you, the individual, and must act according to your instructions and preferences.6(9)-Registering Consent Managers:Consent Managers must be registered with the Data Protection Board of India and meet the required conditions to operate.6(10)-Burden of Proof:The Data Fiduciary must prove that they?ve clearly informed you and obtained your valid consent before processing your data.","Consent - Withdrawal Mechanism:","01-01-2026","13-11-2026",,"2025","2500039","India","data compliance"
"250231","DPDP ACT","System Development/Upgradation","Templates that auto-generate ""clear and standalone"" notices. It should support layered notices (a short summary for users and a deep-dive for legal teams).
One-click translation of notices into the 22 Scheduled languages of India (a specific DPDP requirement).
A database that tracks ""itemized"" consent. If a user agrees to delivery but not marketing, the system must flag this to the company?s marketing API.
A ""one-tap"" withdrawal interface for users that automatically triggers a stop-processing command across the company?s tech stack.
Prepare systems to interact with ""Consent Managers"" (authorized Indian entities that help users manage permissions).
Draft standalone notices in English and the 22 Scheduled languages.
The technical ""off-switch"" for data processing when a user withdraws consent.
If your client wants to act as a ""Consent Manager,"" the registration window typically opens 12 months post-notification (Nov 13, 2026).","Section 6 of the Digital Personal Data Protection (DPDP) Act, 2023 lays out the rules for how consent is required to process someone?s personal data. It makes consent the foundation for any data processing and gives individuals control over their information.
Key Points of Section 6: 
Consent 6(1)-Valid Consent Standards:Consent needs to be free, clear, informed, unconditional, and specific. This means people should actively agree to how their data is used, knowing exactly why it's being collected and for what purpose. It should never be vague or forced. Also, only the data necessary for that purpose should be collected.
6(2)-Invalid Consent:Any consent request that doesn?t follow the rules of this law or any other relevant laws is considered invalid.
6(3)-Clear and Accessible Consent:Requests for consent must be easy to understand, written in plain language, and available in English as well as the 22 languages listed in the Constitution. The consent request must also include contact details for a Data Protection Officer or someone authorized to answer questions.
6(4)-Right to Withdraw Consent:You can withdraw consent at any time, and the process of withdrawing should be as simple as giving it in the first place.
6(5)-Consequences of Withdrawal:If you withdraw your consent, you are responsible for the consequences. However, any data that was processed before you withdrew consent is still lawful.
6(6)-Ceasing Data Processing:When consent is withdrawn, the Data Fiduciary (the organization processing your data) must stop using your data as soon as possible, unless there?s another legal reason to continue processing it.
6(7)-Consent Managers:You can appoint a Consent Manager to handle and manage your consent on your behalf.
6(8)-Accountability of Consent Managers:Consent Managers are accountable to you, the individual, and must act according to your instructions and preferences.6(9)-Registering Consent Managers:Consent Managers must be registered with the Data Protection Board of India and meet the required conditions to operate.6(10)-Burden of Proof:The Data Fiduciary must prove that they?ve clearly informed you and obtained your valid consent before processing your data.","Consent - Registration as Consent Manager","01-01-2026","13-11-2026",,"2025","2500039","India","data compliance"
"250232","DPDP ACT","Full Operationalization","Secure login (OTP/Aadhaar-masked) to ensure the person requesting data is the actual Principal.
""Automated pipelines for:
Right to Access: Users can download a summary of their data in a """"clear and intelligible form.""""
Right to Correction: A dashboard for users to update outdated or misleading information.
Right to Erasure: A workflow that initiates """"deletion"""" or """"anonymization"""" across live servers and backups.""
A unique feature allowing users to nominate a representative to exercise rights in case of death or incapacity.
Launch the interface for Access, Correction, and Erasure requests.
A guided workflow to document a breach (what was lost, when, and impact).
Generates the mandatory notification form for the Data Protection Board and the affected users in one click.
A ""Record of Processing Activities"" that maps where PII (Personally Identifiable Information) flows?from collection to third-party processors.
A risk-assessment wizard that asks the DPO questions about new features/data sets and scores the risk level.
A ticketing tool with a countdown clock (e.g., 7?30 days) to ensure complaints are resolved before they are escalated to the Data Protection Board (DPBI).","Sections 11 to 14 of India?s Digital Personal Data Protection Act (DPDP Act, 2023) give people important rights over their personal data, making sure they have control and can see what's happening with it. These rights include:
The Right to Access (Sec 11)
The Right to Correct and Delete (Sec 12)
The Right to Grievance Redressal (Sec 13)
The Right to Nominate (Sec 14) someone to manage these rights on their behalf.
In other words, these sections empower individuals, giving them clear rights and control over their own personal data. Here's a breakdown of each right:
Section 11: Right to Access Information about Personal Data
You can ask if your data is being processed.
You can request a summary of your personal data and how it?s being used.
The organization handling your data must provide this info in an easy-to-understand way and without overcharging you.
Section 12: Right to Correct and Erase Personal Data
If any of your data is wrong or incomplete, you have the right to correct it.
You can also ask for your data to be erased (deleted) if it?s no longer needed or if you?ve withdrawn your consent.
Section 13: Right to Grievance Redressal
If there?s an issue with how your data is being handled, you can file a complaint.
The organization must have a system in place to address your complaints, and they need to have a Data Protection Officer (DPO) or a similar contact person to help resolve your issues.
Section 14: Right to Nominate
If you're ever unable to exercise these rights?perhaps due to illness or incapacity?you can nominate someone else to do it for you.","DSR Portal  - Identity Verification Layer","01-01-2026","13-05-2027",,"2025","2500040","India","data compliance"
"250233","DPDP ACT","Full Operationalization","Secure login (OTP/Aadhaar-masked) to ensure the person requesting data is the actual Principal.
""Automated pipelines for:
Right to Access: Users can download a summary of their data in a """"clear and intelligible form.""""
Right to Correction: A dashboard for users to update outdated or misleading information.
Right to Erasure: A workflow that initiates """"deletion"""" or """"anonymization"""" across live servers and backups.""
A unique feature allowing users to nominate a representative to exercise rights in case of death or incapacity.
Launch the interface for Access, Correction, and Erasure requests.
A guided workflow to document a breach (what was lost, when, and impact).
Generates the mandatory notification form for the Data Protection Board and the affected users in one click.
A ""Record of Processing Activities"" that maps where PII (Personally Identifiable Information) flows?from collection to third-party processors.
A risk-assessment wizard that asks the DPO questions about new features/data sets and scores the risk level.
A ticketing tool with a countdown clock (e.g., 7?30 days) to ensure complaints are resolved before they are escalated to the Data Protection Board (DPBI).","Sections 11 to 14 of India?s Digital Personal Data Protection Act (DPDP Act, 2023) give people important rights over their personal data, making sure they have control and can see what's happening with it. These rights include:
The Right to Access (Sec 11)
The Right to Correct and Delete (Sec 12)
The Right to Grievance Redressal (Sec 13)
The Right to Nominate (Sec 14) someone to manage these rights on their behalf.
In other words, these sections empower individuals, giving them clear rights and control over their own personal data. Here's a breakdown of each right:
Section 11: Right to Access Information about Personal Data
You can ask if your data is being processed.
You can request a summary of your personal data and how it?s being used.
The organization handling your data must provide this info in an easy-to-understand way and without overcharging you.
Section 12: Right to Correct and Erase Personal Data
If any of your data is wrong or incomplete, you have the right to correct it.
You can also ask for your data to be erased (deleted) if it?s no longer needed or if you?ve withdrawn your consent.
Section 13: Right to Grievance Redressal
If there?s an issue with how your data is being handled, you can file a complaint.
The organization must have a system in place to address your complaints, and they need to have a Data Protection Officer (DPO) or a similar contact person to help resolve your issues.
Section 14: Right to Nominate
If you're ever unable to exercise these rights?perhaps due to illness or incapacity?you can nominate someone else to do it for you.","DSR Workflow Manager","01-01-2026","13-05-2027",,"2025","2500040","India","data compliance"
"250234","DPDP ACT","Full Operationalization","Secure login (OTP/Aadhaar-masked) to ensure the person requesting data is the actual Principal.
""Automated pipelines for:
Right to Access: Users can download a summary of their data in a """"clear and intelligible form.""""
Right to Correction: A dashboard for users to update outdated or misleading information.
Right to Erasure: A workflow that initiates """"deletion"""" or """"anonymization"""" across live servers and backups.""
A unique feature allowing users to nominate a representative to exercise rights in case of death or incapacity.
Launch the interface for Access, Correction, and Erasure requests.
A guided workflow to document a breach (what was lost, when, and impact).
Generates the mandatory notification form for the Data Protection Board and the affected users in one click.
A ""Record of Processing Activities"" that maps where PII (Personally Identifiable Information) flows?from collection to third-party processors.
A risk-assessment wizard that asks the DPO questions about new features/data sets and scores the risk level.
A ticketing tool with a countdown clock (e.g., 7?30 days) to ensure complaints are resolved before they are escalated to the Data Protection Board (DPBI).","Sections 11 to 14 of India?s Digital Personal Data Protection Act (DPDP Act, 2023) give people important rights over their personal data, making sure they have control and can see what's happening with it. These rights include:
The Right to Access (Sec 11)
The Right to Correct and Delete (Sec 12)
The Right to Grievance Redressal (Sec 13)
The Right to Nominate (Sec 14) someone to manage these rights on their behalf.
In other words, these sections empower individuals, giving them clear rights and control over their own personal data. Here's a breakdown of each right:
Section 11: Right to Access Information about Personal Data
You can ask if your data is being processed.
You can request a summary of your personal data and how it?s being used.
The organization handling your data must provide this info in an easy-to-understand way and without overcharging you.
Section 12: Right to Correct and Erase Personal Data
If any of your data is wrong or incomplete, you have the right to correct it.
You can also ask for your data to be erased (deleted) if it?s no longer needed or if you?ve withdrawn your consent.
Section 13: Right to Grievance Redressal
If there?s an issue with how your data is being handled, you can file a complaint.
The organization must have a system in place to address your complaints, and they need to have a Data Protection Officer (DPO) or a similar contact person to help resolve your issues.
Section 14: Right to Nominate
If you're ever unable to exercise these rights?perhaps due to illness or incapacity?you can nominate someone else to do it for you.","DSR Nomination Module","01-01-2026","13-05-2027",,"2025","2500040","India","data compliance"
"250235","DPDP ACT","Full Operationalization","Secure login (OTP/Aadhaar-masked) to ensure the person requesting data is the actual Principal.
""Automated pipelines for:
Right to Access: Users can download a summary of their data in a """"clear and intelligible form.""""
Right to Correction: A dashboard for users to update outdated or misleading information.
Right to Erasure: A workflow that initiates """"deletion"""" or """"anonymization"""" across live servers and backups.""
A unique feature allowing users to nominate a representative to exercise rights in case of death or incapacity.
Launch the interface for Access, Correction, and Erasure requests.
A guided workflow to document a breach (what was lost, when, and impact).
Generates the mandatory notification form for the Data Protection Board and the affected users in one click.
A ""Record of Processing Activities"" that maps where PII (Personally Identifiable Information) flows?from collection to third-party processors.
A risk-assessment wizard that asks the DPO questions about new features/data sets and scores the risk level.
A ticketing tool with a countdown clock (e.g., 7?30 days) to ensure complaints are resolved before they are escalated to the Data Protection Board (DPBI).","Sections 11 to 14 of India?s Digital Personal Data Protection Act (DPDP Act, 2023) give people important rights over their personal data, making sure they have control and can see what's happening with it. These rights include:
The Right to Access (Sec 11)
The Right to Correct and Delete (Sec 12)
The Right to Grievance Redressal (Sec 13)
The Right to Nominate (Sec 14) someone to manage these rights on their behalf.
In other words, these sections empower individuals, giving them clear rights and control over their own personal data. Here's a breakdown of each right:
Section 11: Right to Access Information about Personal Data
You can ask if your data is being processed.
You can request a summary of your personal data and how it?s being used.
The organization handling your data must provide this info in an easy-to-understand way and without overcharging you.
Section 12: Right to Correct and Erase Personal Data
If any of your data is wrong or incomplete, you have the right to correct it.
You can also ask for your data to be erased (deleted) if it?s no longer needed or if you?ve withdrawn your consent.
Section 13: Right to Grievance Redressal
If there?s an issue with how your data is being handled, you can file a complaint.
The organization must have a system in place to address your complaints, and they need to have a Data Protection Officer (DPO) or a similar contact person to help resolve your issues.
Section 14: Right to Nominate
If you're ever unable to exercise these rights?perhaps due to illness or incapacity?you can nominate someone else to do it for you.","DSR Rights Portal","01-01-2026","13-05-2027",,"2025","2500040","India","data compliance"
"250236","DPDP ACT","Full Operationalization","Secure login (OTP/Aadhaar-masked) to ensure the person requesting data is the actual Principal.
""Automated pipelines for:
Right to Access: Users can download a summary of their data in a """"clear and intelligible form.""""
Right to Correction: A dashboard for users to update outdated or misleading information.
Right to Erasure: A workflow that initiates """"deletion"""" or """"anonymization"""" across live servers and backups.""
A unique feature allowing users to nominate a representative to exercise rights in case of death or incapacity.
Launch the interface for Access, Correction, and Erasure requests.
A guided workflow to document a breach (what was lost, when, and impact).
Generates the mandatory notification form for the Data Protection Board and the affected users in one click.
A ""Record of Processing Activities"" that maps where PII (Personally Identifiable Information) flows?from collection to third-party processors.
A risk-assessment wizard that asks the DPO questions about new features/data sets and scores the risk level.
A ticketing tool with a countdown clock (e.g., 7?30 days) to ensure complaints are resolved before they are escalated to the Data Protection Board (DPBI).","Section 8 of India?s Digital Personal Data Protection (DPDP) Act, 2023 explains the responsibilities of Data Fiduciaries (the organizations or entities that control your personal data). It makes them accountable for ensuring your data is handled lawfully, securely, and accurately. This section covers both the actions of the Data Fiduciaries themselves and those of any Data Processors (third parties they may hire to handle data). There are also serious penalties for failing to comply.
Key Responsibilities under Section 8:
Overall Responsibility: Data Fiduciaries are responsible for following the rules of the Act, even if they delegate data processing to a third party (the Data Processor). They cannot avoid responsibility by passing the buck.
Data Processor Contracts: Data Processors can only use your data if there's a clear contract in place with the Data Fiduciary, and only for the specific purpose agreed upon.
Accuracy & Completeness: Data Fiduciaries must ensure that any personal data they collect is accurate, complete, and up to date. This is especially important if decisions are being made based on this data or if it will be shared with others.
Security Safeguards: Data Fiduciaries must take reasonable steps to protect your personal data from breaches. If a breach does occur, they must notify both the Data Protection Board and the affected individuals promptly.
Respecting Data Principal Rights: Data Fiduciaries must make it easy for you to exercise your rights, such as accessing your data, correcting it, having it erased, or filing a grievance if needed.
Reasonable Security: Data Fiduciaries must implement measures to secure your data. Failure to do so can result in hefty fines of up to ?250 crore.
Data Breach Notification: If there?s a data breach, the Data Fiduciary must notify the Data Protection Board and all affected individuals in a way that's prescribed by the rules.
Impact on Other Laws:
The DPDP Act aims to strike a balance between privacy and transparency. For example, it amends laws like the Right to Information (RTI) Act to ensure privacy rights are respected while still allowing access to public information, creating a more harmonized framework.
In simpler terms, Section 8 holds Data Fiduciaries accountable for making sure your personal data is processed securely, accurately, and in line with your rights. If they mess up, there are serious consequences.","Breach Management - 72-Hour Panic Button","01-01-2026","13-05-2027",,"2025","2500040","India","data compliance"
"250237","DPDP ACT","Full Operationalization","Secure login (OTP/Aadhaar-masked) to ensure the person requesting data is the actual Principal.
""Automated pipelines for:
Right to Access: Users can download a summary of their data in a """"clear and intelligible form.""""
Right to Correction: A dashboard for users to update outdated or misleading information.
Right to Erasure: A workflow that initiates """"deletion"""" or """"anonymization"""" across live servers and backups.""
A unique feature allowing users to nominate a representative to exercise rights in case of death or incapacity.
Launch the interface for Access, Correction, and Erasure requests.
A guided workflow to document a breach (what was lost, when, and impact).
Generates the mandatory notification form for the Data Protection Board and the affected users in one click.
A ""Record of Processing Activities"" that maps where PII (Personally Identifiable Information) flows?from collection to third-party processors.
A risk-assessment wizard that asks the DPO questions about new features/data sets and scores the risk level.
A ticketing tool with a countdown clock (e.g., 7?30 days) to ensure complaints are resolved before they are escalated to the Data Protection Board (DPBI).","Section 8 of India?s Digital Personal Data Protection (DPDP) Act, 2023 explains the responsibilities of Data Fiduciaries (the organizations or entities that control your personal data). It makes them accountable for ensuring your data is handled lawfully, securely, and accurately. This section covers both the actions of the Data Fiduciaries themselves and those of any Data Processors (third parties they may hire to handle data). There are also serious penalties for failing to comply.
Key Responsibilities under Section 8:
Overall Responsibility: Data Fiduciaries are responsible for following the rules of the Act, even if they delegate data processing to a third party (the Data Processor). They cannot avoid responsibility by passing the buck.
Data Processor Contracts: Data Processors can only use your data if there's a clear contract in place with the Data Fiduciary, and only for the specific purpose agreed upon.
Accuracy & Completeness: Data Fiduciaries must ensure that any personal data they collect is accurate, complete, and up to date. This is especially important if decisions are being made based on this data or if it will be shared with others.
Security Safeguards: Data Fiduciaries must take reasonable steps to protect your personal data from breaches. If a breach does occur, they must notify both the Data Protection Board and the affected individuals promptly.
Respecting Data Principal Rights: Data Fiduciaries must make it easy for you to exercise your rights, such as accessing your data, correcting it, having it erased, or filing a grievance if needed.
Reasonable Security: Data Fiduciaries must implement measures to secure your data. Failure to do so can result in hefty fines of up to ?250 crore.
Data Breach Notification: If there?s a data breach, the Data Fiduciary must notify the Data Protection Board and all affected individuals in a way that's prescribed by the rules.
Impact on Other Laws:
The DPDP Act aims to strike a balance between privacy and transparency. For example, it amends laws like the Right to Information (RTI) Act to ensure privacy rights are respected while still allowing access to public information, creating a more harmonized framework.
In simpler terms, Section 8 holds Data Fiduciaries accountable for making sure your personal data is processed securely, accurately, and in line with your rights. If they mess up, there are serious consequences.","Breach Management - Auto-Reporting Tool","01-01-2026","13-05-2027",,"2025","2500040","India","data compliance"
"250238","DPDP ACT","Full Operationalization","Secure login (OTP/Aadhaar-masked) to ensure the person requesting data is the actual Principal.
""Automated pipelines for:
Right to Access: Users can download a summary of their data in a """"clear and intelligible form.""""
Right to Correction: A dashboard for users to update outdated or misleading information.
Right to Erasure: A workflow that initiates """"deletion"""" or """"anonymization"""" across live servers and backups.""
A unique feature allowing users to nominate a representative to exercise rights in case of death or incapacity.
Launch the interface for Access, Correction, and Erasure requests.
A guided workflow to document a breach (what was lost, when, and impact).
Generates the mandatory notification form for the Data Protection Board and the affected users in one click.
A ""Record of Processing Activities"" that maps where PII (Personally Identifiable Information) flows?from collection to third-party processors.
A risk-assessment wizard that asks the DPO questions about new features/data sets and scores the risk level.
A ticketing tool with a countdown clock (e.g., 7?30 days) to ensure complaints are resolved before they are escalated to the Data Protection Board (DPBI).","Section 10 of India?s Digital Personal Data Protection (DPDP) Act, 2023 focuses on ?Significant Data Fiduciaries? (SDFs)?big players who handle large amounts of personal data. The government will identify these organizations based on factors like the volume of data, its sensitivity, and the impact they may have on public safety or people's rights. These SDFs face stricter rules to ensure they protect data better, including appointing a local Data Protection Officer (DPO), conducting regular audits, and enhancing security measures.
Key Points of Section 10:
What Makes an SDF?
The Central Government decides which organizations qualify as Significant Data Fiduciaries. This is based on how much data they handle, how sensitive that data is, and the potential risks to individuals' privacy or to public safety.
Data Protection Officer (DPO)
SDFs are required to appoint a Data Protection Officer (DPO) who is based in India. The DPO?s job is to serve as a point of contact for any issues or complaints and to report directly to the organization?s leadership.
Independent Audits
SDFs must bring in an independent auditor every year to assess whether they?re complying with the law and properly protecting personal data.
Data Protection Impact Assessments (DPIAs)
SDFs must conduct regular DPIAs to identify any risks to individuals' data rights. This helps them assess how they?re using data and if any changes need to be made to minimize harm.
Enhanced Security & Governance
These organizations need to implement stronger security measures and better governance practices. For example, they need to prevent harm from how they process data and ensure strict rules on how data is transferred across borders.
Purpose:
Section 10?s goal is to make sure that organizations that handle huge amounts of sensitive data are held to higher standards. This helps protect individuals? rights and makes sure that personal data is handled with extra care and transparency.
In simpler terms, Section 10 makes sure that the biggest and most influential data-handling companies are held to stricter rules, ensuring they have the systems in place to protect your personal information better.","Governance - Data Mapping & Inventory (RoPA)","01-01-2026","13-05-2027",,"2025","2500040","India","data compliance"
"250239","DPDP ACT","Full Operationalization","Secure login (OTP/Aadhaar-masked) to ensure the person requesting data is the actual Principal.
""Automated pipelines for:
Right to Access: Users can download a summary of their data in a """"clear and intelligible form.""""
Right to Correction: A dashboard for users to update outdated or misleading information.
Right to Erasure: A workflow that initiates """"deletion"""" or """"anonymization"""" across live servers and backups.""
A unique feature allowing users to nominate a representative to exercise rights in case of death or incapacity.
Launch the interface for Access, Correction, and Erasure requests.
A guided workflow to document a breach (what was lost, when, and impact).
Generates the mandatory notification form for the Data Protection Board and the affected users in one click.
A ""Record of Processing Activities"" that maps where PII (Personally Identifiable Information) flows?from collection to third-party processors.
A risk-assessment wizard that asks the DPO questions about new features/data sets and scores the risk level.
A ticketing tool with a countdown clock (e.g., 7?30 days) to ensure complaints are resolved before they are escalated to the Data Protection Board (DPBI).","Section 10 of India?s Digital Personal Data Protection (DPDP) Act, 2023 focuses on ?Significant Data Fiduciaries? (SDFs)?big players who handle large amounts of personal data. The government will identify these organizations based on factors like the volume of data, its sensitivity, and the impact they may have on public safety or people's rights. These SDFs face stricter rules to ensure they protect data better, including appointing a local Data Protection Officer (DPO), conducting regular audits, and enhancing security measures.
Key Points of Section 10:
What Makes an SDF?
The Central Government decides which organizations qualify as Significant Data Fiduciaries. This is based on how much data they handle, how sensitive that data is, and the potential risks to individuals' privacy or to public safety.
Data Protection Officer (DPO)
SDFs are required to appoint a Data Protection Officer (DPO) who is based in India. The DPO?s job is to serve as a point of contact for any issues or complaints and to report directly to the organization?s leadership.
Independent Audits
SDFs must bring in an independent auditor every year to assess whether they?re complying with the law and properly protecting personal data.
Data Protection Impact Assessments (DPIAs)
SDFs must conduct regular DPIAs to identify any risks to individuals' data rights. This helps them assess how they?re using data and if any changes need to be made to minimize harm.
Enhanced Security & Governance
These organizations need to implement stronger security measures and better governance practices. For example, they need to prevent harm from how they process data and ensure strict rules on how data is transferred across borders.
Purpose:
Section 10?s goal is to make sure that organizations that handle huge amounts of sensitive data are held to higher standards. This helps protect individuals? rights and makes sure that personal data is handled with extra care and transparency.
In simpler terms, Section 10 makes sure that the biggest and most influential data-handling companies are held to stricter rules, ensuring they have the systems in place to protect your personal information better.","Governance - Automated DPIA","01-01-2026","13-05-2027",,"2025","2500040","India","data compliance"
"250240","DPDP ACT","Full Operationalization","Secure login (OTP/Aadhaar-masked) to ensure the person requesting data is the actual Principal.
""Automated pipelines for:
Right to Access: Users can download a summary of their data in a """"clear and intelligible form.""""
Right to Correction: A dashboard for users to update outdated or misleading information.
Right to Erasure: A workflow that initiates """"deletion"""" or """"anonymization"""" across live servers and backups.""
A unique feature allowing users to nominate a representative to exercise rights in case of death or incapacity.
Launch the interface for Access, Correction, and Erasure requests.
A guided workflow to document a breach (what was lost, when, and impact).
Generates the mandatory notification form for the Data Protection Board and the affected users in one click.
A ""Record of Processing Activities"" that maps where PII (Personally Identifiable Information) flows?from collection to third-party processors.
A risk-assessment wizard that asks the DPO questions about new features/data sets and scores the risk level.
A ticketing tool with a countdown clock (e.g., 7?30 days) to ensure complaints are resolved before they are escalated to the Data Protection Board (DPBI).","Section 10 of India?s Digital Personal Data Protection (DPDP) Act, 2023 focuses on ?Significant Data Fiduciaries? (SDFs)?big players who handle large amounts of personal data. The government will identify these organizations based on factors like the volume of data, its sensitivity, and the impact they may have on public safety or people's rights. These SDFs face stricter rules to ensure they protect data better, including appointing a local Data Protection Officer (DPO), conducting regular audits, and enhancing security measures.
Key Points of Section 10:
What Makes an SDF?
The Central Government decides which organizations qualify as Significant Data Fiduciaries. This is based on how much data they handle, how sensitive that data is, and the potential risks to individuals' privacy or to public safety.
Data Protection Officer (DPO)
SDFs are required to appoint a Data Protection Officer (DPO) who is based in India. The DPO?s job is to serve as a point of contact for any issues or complaints and to report directly to the organization?s leadership.
Independent Audits
SDFs must bring in an independent auditor every year to assess whether they?re complying with the law and properly protecting personal data.
Data Protection Impact Assessments (DPIAs)
SDFs must conduct regular DPIAs to identify any risks to individuals' data rights. This helps them assess how they?re using data and if any changes need to be made to minimize harm.
Enhanced Security & Governance
These organizations need to implement stronger security measures and better governance practices. For example, they need to prevent harm from how they process data and ensure strict rules on how data is transferred across borders.
Purpose:
Section 10?s goal is to make sure that organizations that handle huge amounts of sensitive data are held to higher standards. This helps protect individuals? rights and makes sure that personal data is handled with extra care and transparency.
In simpler terms, Section 10 makes sure that the biggest and most influential data-handling companies are held to stricter rules, ensuring they have the systems in place to protect your personal information better.","Governance - Grievance Redressal System","01-01-2026","13-05-2027",,"2025","2500040","India","data compliance"
"250241","CERT-In","Governance & Responsibility","Appointment email / internal memo. Email confirmation. Approved policy document. IR SOP","Is a CERT-In Point of Contact designated?","PoC Appointment",,,,"2025","2500041","India","data compliance"
"250242","CERT-In","Governance & Responsibility","Appointment email / internal memo. Email confirmation. Approved policy document. IR SOP","Has PoC been shared with CERT-In?","PoC Communication",,,,"2025","2500041","India","data compliance"
"250243","CERT-In","Governance & Responsibility","Appointment email / internal memo. Email confirmation. Approved policy document. IR SOP","Is there a documented incident response plan?","Incident Response Policy",,,,"2025","2500041","India","data compliance"
"250244","CERT-In","Governance & Responsibility","Appointment email / internal memo. Email confirmation. Approved policy document. IR SOP","Is a cyber incident escalation matrix defined?","Escalation Matrix",,,,"2025","2500041","India","data compliance"
"250245","CERT-In","6-Hour Incident Reporting Compliance","SIEM/SOC dashboard. Incident register. Email proof. Incident log sheet.","Is there a mechanism to detect cyber incidents?","Incident Identification",,,,"2025","2500042","India","data compliance"
"250246","CERT-In","6-Hour Incident Reporting Compliance","SIEM/SOC dashboard. Incident register. Email proof. Incident log sheet.","Were incidents reported within 6 hours?","Reporting Timeline",,,,"2025","2500042","India","data compliance"
"250247","CERT-In","6-Hour Incident Reporting Compliance","SIEM/SOC dashboard. Incident register. Email proof. Incident log sheet.","Was incident reported to CERT-In email/portal?","Reporting Channel",,,,"2025","2500042","India","data compliance"
"250248","CERT-In","6-Hour Incident Reporting Compliance","SIEM/SOC dashboard. Incident register. Email proof. Incident log sheet.","Is a register maintained for all reportable incidents?","Incident Register",,,,"2025","2500042","India","data compliance"
"250249","CERT-In","Log Retention","Log retention policy. Data center declaration. Access control logs. Test retrieval","Are logs retained for at least 180 days?","Log Storage",,,,"2025","2500043","India","data compliance"
"250250","CERT-In","Log Retention","Log retention policy. Data center declaration. Access control logs. Test retrieval","Are logs stored within India?","Storage Location",,,,"2025","2500043","India","data compliance"
"250251","CERT-In","Log Retention","Log retention policy. Data center declaration. Access control logs. Test retrieval","Are logs protected from tampering?","Log Integrity",,,,"2025","2500043","India","data compliance"
"250252","CERT-In","Log Retention","Log retention policy. Data center declaration. Access control logs. Test retrieval","Can logs be produced upon request?","Log Availability",,,,"2025","2500043","India","data compliance"
"250253","CERT-In","Time Synchronization (NTP Compliance)","Server configuration screenshots. Monitoring report","Are systems synced with approved NTP servers?","NTP Configuration",,,,"2025","2500044","India","data compliance"
"250254","CERT-In","Time Synchronization (NTP Compliance)","Server configuration screenshots. Monitoring report","Is synchronization periodically verified?","Periodic Verification",,,,"2025","2500044","India","data compliance"
"250255","CERT-In","5-Year Data Retention (Cloud/VPS/VPN/Data Centers Only)","KYC records. IP assignment logs. Retention policy. Access control matrix.","Is subscriber data collected and validated?","Subscriber KYC",,,,"2025","2500055","India","data compliance"
"250256","CERT-In","5-Year Data Retention (Cloud/VPS/VPN/Data Centers Only)","KYC records. IP assignment logs. Retention policy. Access control matrix.","Are IP logs maintained?","IP Allocation Records",,,,"2025","2500055","India","data compliance"
"250257","CERT-In","5-Year Data Retention (Cloud/VPS/VPN/Data Centers Only)","KYC records. IP assignment logs. Retention policy. Access control matrix.","Is data retained for 5 years post termination?","Retention Period",,,,"2025","2500055","India","data compliance"
"250258","CERT-In","5-Year Data Retention (Cloud/VPS/VPN/Data Centers Only)","KYC records. IP assignment logs. Retention policy. Access control matrix.","Is data securely stored?","Secure Storage",,,,"2025","2500055","India","data compliance"
"250259","CERT-In","Response to CERT-In Requests","SOP. Email trail. Preservation log.","Is there a defined process to respond to CERT-In queries?","Request Handling",,,,"2025","2500056","India","data compliance"
"250260","CERT-In","Response to CERT-In Requests","SOP. Email trail. Preservation log.","Are responses documented and timely?","Response Timeline",,,,"2025","2500056","India","data compliance"
"250261","CERT-In","Response to CERT-In Requests","SOP. Email trail. Preservation log.","Is evidence preserved when directed?","Information Preservation",,,,"2025","2500056","India","data compliance"
"250262","CERT-In","Technical Security Controls (Best Practice Review)","VAPT report. Patch log. DR test report","Is VAPT conducted periodically?","Vulnerability Assessment",,,,"2025","2500057","India","data compliance"
"250263","CERT-In","Technical Security Controls (Best Practice Review)","Patch log","Is patching tracked and documented?","Patch Management",,,,"2025","2500057","India","data compliance"
"250264","CERT-In","Technical Security Controls (Best Practice Review)","DR test report","Are backups tested periodically?","Backup & Recovery",,,,"2025","2500057","India","data compliance"
"250265","CERT-In","Technical Security Controls (Best Practice Review)","Access review report","Are privileged access rights reviewed quarterly?","Access Reviews",,,,"2025","2500057","India","data compliance"
